;;;;;;;;;;;;;
;;;;;;;;;;;03/07/26;;
;;;;;;;;;;;;;
;;;;;;;;;;;9:10 AM;;
;;;;;;;;;;;;;
;;;;;;;;;;;;;
;;;;;;;;;;Página;1;de;17
Ref. Contable;;;Cód.Corto;;D E N O M I N A C I O N;Saldo;Mov.;Clasificación;Sucursal;;Centro Costo;;
;;;;;;;;;;;;;
CAPITULO:;;;1;ACTIVO;;;;;;;;;
;;;;;;;;;;;;;
RUBRO:;;;101;DISPONIBILIDADES;;;;;;;;;
;;;;;;;;;;;;;
CTA.MADRE:;;1.01.001;;;CAJA;;;;;;;;
1.01.001.003.000;;;;1001;Moneda Extranjera;Deudor;Si;Corrientes;Casa Central;;*;;
1.01.001.004.000;;;;1002;Cheques en Cartera;Deudor;Si;Corrientes;Casa Central;;*;;
1.01.001.005.000;;;;1003;CAJA CHICA 1;Deudor;Si;Corrientes;Casa Central;;*;;
1.01.001.006.000;;;;1004;Fondo Fijo Recepción;Deudor;Si;Corrientes;Casa Central;;*;;
1.01.001.007.000;;;;1005;Caja  CHICA 2;Deudor;Si;Corrientes;Casa Central;;*;;
1.01.001.008.000;;;;1006;Caja;Deudor;Si;Corrientes;Casa Central;;*;;
;;;;;;;;;;;;;
CTA.MADRE:;;1.01.002;;;BANCOS;;;;;;;;
1.01.002.001.000;;;;1100;Nuevo Banco Santa fe Cta.Cte.;Deudor;Si;Corrientes;Casa Central;;*;;
1.01.002.002.000;;;;1101;Nuevo Banco Macro Cta.Cte.;Deudor;Si;Corrientes;Casa Central;;*;;
1.01.002.003.000;;;;1102;Banco Nación Arg. Cta. Cte. Suc. Rqta;Deudor;Si;Corrientes;Casa Central;;*;;
1.01.002.005.000;;;;1103;Banco Credicoop Cta. Cte.;Deudor;Si;Corrientes;Casa Central;;*;;
1.01.002.006.000;;;;1104;Banco Galicia Cta.Cte.;Deudor;Si;Corrientes;Casa Central;;*;;
1.01.002.007.000;;;;1105;ICBC Cta. Cte.;Deudor;Si;Corrientes;Casa Central;;*;;
1.01.002.008.000;;;;1106;Banco Nacion Arg. Cta. Cte. Suc. Avda.;Deudor;Si;Corrientes;Casa Central;;*;;
1.01.002.009.000;;;;1107;Banco Galicia Cta Cte en Dólares;Deudor;Si;Corrientes;Casa Central;;*;;
1.01.002.010.000;;;;1108;Banco Patagonia Cta. Cte. Suc. Resistencia;Deudor;Si;Corrientes;Casa Central;;*;;
1.01.002.011.000;;;;1109;Banco Finansur Cta.Cte.;Deudor;Si;Corrientes;Casa Central;;*;;
1.01.002.012.000;;;;1110;Banco Supervielle Cta. Cte.;Deudor;Si;Corrientes;Casa Central;;*;;
1.01.002.013.000;;;;1111;Banco Santander Río Cta. Cte.;Deudor;Si;Corrientes;Casa Central;;*;;
1.01.002.015.000;;;;1112;Banco Itau Cta.Cte.;Deudor;Si;Corrientes;Casa Central;;*;;
1.01.002.016.000;;;;1113;Banco Itau Cta. Cte en Dolares;Deudor;Si;Corrientes;Casa Central;;*;;
1.01.002.017.000;;;;1114;Banco Saenz Cta. Cte.;Deudor;Si;Corrientes;Casa Central;;*;;
1.01.002.018.000;;;;1115;Nuevo Banco de Santa Fe Cta. Cte. Suc.;Deudor;Si;Corrientes;Casa Central;;*;;
1.01.002.019.000;;;;1116;Banco Hipotecario Cta. Cte.;Deudor;Si;Corrientes;Casa Central;;*;;
1.01.002.020.000;;;;1117;HSBC Bank Argentina Cta. Cte.;Deudor;Si;Corrientes;Casa Central;;*;;
1.01.002.021.000;;;;1118;Cuenta Transitoria BNA Suc. XXXX;Deudor;Si;Corrientes;Casa Central;;*;;
1.01.002.022.000;;;;1119;Cuenta Transitoria BNA Suc... XXXXX;Deudor;Si;Corrientes;Casa Central;;*;;
1.01.002.024.000;;;;1120;Banco Patagonia Cta Cte. Suc. Reconquista;Deudor;Si;Corrientes;Casa Central;;*;;
1.01.002.025.000;;;;1674;Banco Itau Cta.Cte. Especial;Deudor;Si;Corrientes;Casa Central;;*;;
1.01.002.026.000;;;;1675;ICBC Cta.Cte. Especial;Deudor;Si;Corrientes;Casa Central;;*;;
1.01.002.027.000;;;;1678;Nuevo Banco Macro Cta.Cte. Especial;Deudor;Si;Corrientes;Casa Central;;*;;
1.01.002.028.000;;;;1679;HSBC Bank Argentina Cta.Cte. Especial;Deudor;Si;Corrientes;Casa Central;;*;;
1.01.002.029.000;;;;1680;Banco Hipotecario Cta. Cte. Especial;Deudor;Si;Corrientes;Casa Central;;*;;
1.01.002.030.000;;;;1686;Banco Bica S.A.;Deudor;Si;Corrientes;Casa Central;;*;;
1.01.002.031.000;;;;1690;Cuenta Transitoria Banco Macro;Deudor;Si;Corrientes;Casa Central;;*;;
1.01.002.032.000;;;;1700;Banco Bica cuenta CERA;Deudor;Si;Corrientes;Casa Central;;MOVIL 2 - EQI 920;;
1.01.002.033.000;;;;1704;Banco Bica cuenta en Dolares;Deudor;Si;Corrientes;Casa Central;;MOVIL 2 - EQI 920;;
;;;;;;;;;;;;;
RUBRO:;;;102;INVERSIONES;;;;;;;;;
;;;;;;;;;;;;;
CTA.MADRE:;;1.02.001;;;INVERSIONES;;;;;;;;
1.02.001.001.000;;;;1200;Depósitos a Plazo Fijo;Deudor;Si;Corrientes;Casa Central;;*;;
1.02.001.002.000;;;;1201;Depósitos en caja de Ahorro;Deudor;Si;Corrientes;Casa Central;;*;;
1.02.001.003.000;;;;1202;Fondos Comunes de Inversión;Deudor;Si;Corrientes;Casa Central;;*;;
1.02.001.004.000;;;;1203;Intereses Activos a Devengar;Deudor;Si;Corrientes;Casa Central;;*;;
1.02.001.005.000;;;;1204;Moneda Extranjera;Deudor;Si;Corrientes;Casa Central;;*;;
1.02.001.006.000;;;;1205;Títulos Privados XXXXX;Deudor;Si;Corrientes;Casa Central;;*;;
1.02.001.007.000;;;;1206;Valores de Deuda Fiduciariaria XXXX;Deudor;Si;Corrientes;Casa Central;;*;;
1.02.001.008.000;;;;1207;Títulos Privados XXXXX;Deudor;Si;Corrientes;Casa Central;;*;;
1.02.001.009.000;;;;1208;Títulos Privados XXXXX;Deudor;Si;Corrientes;Casa Central;;*;;
1.02.001.010.000;;;;1684;Títulos Privados XXXXX;Deudor;Si;Corrientes;Casa Central;;*;;
1.02.001.011.000;;;;1703;Depositos en Plazo Fijo en Dolares;Deudor;Si;Corrientes;Casa Central;;MOVIL 2 - EQI 920;;
;;;;;;;;;;;;;
RUBRO:;;;103;CREDITOS;;;;;;;;;
;;;;;;;;;;;;;
CTA.MADRE:;;1.03.001;;;CREDITOS POR VENTAS;;;;;;;;
1.03.001.001.000;;;;1300;Deudores por Venta;Deudor;Si;Corrientes;Casa Central;;*;;
1.03.001.002.000;;;;1301;Documentos a Cobrar;Deudor;Si;Corrientes;Casa Central;;*;;
1.03.001.003.000;;;;1302;Cheques Diferidos a Cobrar;Deudor;Si;Corrientes;Casa Central;;*;;
;;;;;;;;;;;;;
;;;;;;;;;;Página;2;de;17
Ref. Contable;;;Cód.Corto;;D E N O M I N A C I O N;Saldo;Mov.;Clasificación;Sucursal;;Centro Costo;;
1.03.001.004.000;;;;1303;Deudores Morosos;Deudor;Si;Corrientes;Casa Central;;*;;
1.03.001.005.000;;;;1304;Deudores en Gestión Judicial;Deudor;Si;Corrientes;Casa Central;;*;;
1.03.001.006.000;;;;1305;Intereses Activos a Cobrar;Deudor;Si;Corrientes;Casa Central;;*;;
1.03.001.007.000;;;;1306;Intereses Activos a Devengar;Deudor;Si;Corrientes;Casa Central;;*;;
1.03.001.008.000;;;;1307;Previsión para Cuentas de Dudoso Cobro;Deudor;Si;Corrientes;Casa Central;;*;;
1.03.001.009.000;;;;1308;Cheques Rechazados;Deudor;Si;Corrientes;Casa Central;;*;;
1.03.001.010.000;;;;1309;Corredores;Deudor;Si;Corrientes;Casa Central;;*;;
;;;;;;;;;;;;;
CTA.MADRE:;;1.03.002;;;OTROS CREDITOS;;;;;;;;
1.03.002.001.000;;»;;1310;Anticipos Varios;Deudor;No;Corrientes;Casa Central;;*;;
1.03.002.001.001;;;;1311;Anticipos de sueldo;Deudor;Si;Corrientes;Casa Central;;*;;
1.03.002.001.002;;;;1312;Prétamos Personal;Deudor;Si;Corrientes;Casa Central;;*;;
1.03.002.001.003;;;;1313;Anticipos Proveedores;Deudor;Si;Corrientes;Casa Central;;*;;
1.03.002.001.004;;;;1314;Anticipos Campos;Deudor;Si;Corrientes;Casa Central;;*;;
1.03.002.001.005;;;;1315;Anticipos Viajes;Deudor;Si;Corrientes;Casa Central;;*;;
1.03.002.001.006;;;;1316;Anticipos Desmotadoras;Deudor;Si;Corrientes;Casa Central;;*;;
1.03.002.001.007;;;;1317;Otros Anticipos;Deudor;Si;Corrientes;Casa Central;;*;;
1.03.002.002.000;;»;;1318;Cuenta Particular de los Socios;Deudor;No;Corrientes;Casa Central;;*;;
1.03.002.002.001;;;;1319;Socio XXXXX Cuenta Particular;Deudor;Si;Corrientes;Casa Central;;*;;
1.03.002.002.002;;;;1320;Socio XXXXX Cuenta Particular;Deudor;Si;Corrientes;Casa Central;;*;;
1.03.002.002.003;;;;1321;Socio XXXXX Cuenta Particular;Deudor;Si;Corrientes;Casa Central;;*;;
1.03.002.003.000;;»;;1322;Mutuos;Deudor;No;Corrientes;Casa Central;;*;;
1.03.002.003.001;;;;1323;Mutuo  XXXXX;Deudor;Si;Corrientes;Casa Central;;*;;
1.03.002.003.002;;;;1324;Mutuo  XXXXX;Deudor;Si;Corrientes;Casa Central;;*;;
1.03.002.003.003;;;;1325;Mutuo  XXXXX;Deudor;Si;Corrientes;Casa Central;;*;;
1.03.002.003.004;;;;1326;Mutuo  XXXXX;Deudor;Si;Corrientes;Casa Central;;*;;
1.03.002.003.005;;;;1327;Mutuo  XXXXX;Deudor;Si;Corrientes;Casa Central;;*;;
1.03.002.003.006;;;;1328;Mutuo  XXXXX;Deudor;Si;Corrientes;Casa Central;;*;;
1.03.002.003.007;;;;1329;Mutuo  XXXXX;Deudor;Si;Corrientes;Casa Central;;*;;
1.03.002.003.008;;;;1330;Mutuo  XXXXX;Deudor;Si;Corrientes;Casa Central;;*;;
1.03.002.003.009;;;;1331;Prestamo XXX;Deudor;Si;Corrientes;Casa Central;;*;;
1.03.002.004.000;;»;;1332;Otros Créditos;Deudor;No;Corrientes;Casa Central;;*;;
1.03.002.004.001;;»;;1333;CréditoXXXX;Deudor;No;Corrientes;Casa Central;;*;;
1.03.002.004.002;;;;1334;Seña Compra Inmueble;Deudor;Si;Corrientes;Casa Central;;*;;
1.03.002.004.003;;;;1335;Seña Compra Rodados;Deudor;Si;Corrientes;Casa Central;;*;;
1.03.002.004.004;;»;;1336;Crédito Concursal por Subrogación 2;Deudor;No;Corrientes;Casa Central;;*;;
1.03.002.004.005;;;;1337;Opciones de Compra Tomadas;Deudor;Si;Corrientes;Casa Central;;*;;
1.03.002.004.006;;;;1338;Compromisos de Compra;Deudor;Si;Corrientes;Casa Central;;*;;
1.03.002.004.007;;»;;1339;Otros Crédito;Deudor;No;Corrientes;Casa Central;;*;;
1.03.002.004.008;;;;1692;Cheques Negociados Recuperados;Deudor;Si;Corrientes;Casa Central;;*;;
;;;;;;;;;;;;;
;;;;;;;;;;;;;
;;;;;;;;;;;;;
CTA.MADRE:;;1.03.003;;;CREDITOS FISCALES;;;;;;;;
1.03.003.001.000;;»;;1340;Impuesto a las Ganancias;Deudor;No;Corrientes;Casa Central;;*;;
1.03.003.001.001;;;;1341;Anticipo Impuesto a las Ganancias;Deudor;Si;Corrientes;Casa Central;;*;;
1.03.003.001.002;;;;1342;Saldo a Favor Impuesto a las Ganancias;Deudor;Si;Corrientes;Casa Central;;*;;
1.03.003.001.003;;;;1343;Retenciones Impuesto a las Ganancias;Deudor;Si;Corrientes;Casa Central;;*;;
1.03.003.001.004;;;;1344;Percepciones Impuesto a las Ganancias;Deudor;Si;Corrientes;Casa Central;;*;;
1.03.003.001.005;;;;1345;Créditos por Quebrantos Impuesto a las Ganancias;Deudor;Si;Corrientes;Casa Central;;*;;
1.03.003.002.000;;»;;1346;Impuesto a la Ganancia Mínima Presunta;Deudor;No;Corrientes;Casa Central;;*;;
1.03.003.002.001;;;;1347;Anticipo Impuesto a la Ganancia Mínima Presunta;Deudor;Si;Corrientes;Casa Central;;*;;
1.03.003.002.002;;;;1348;Saldo a Favor IGMP;Deudor;Si;Corrientes;Casa Central;;*;;
1.03.003.002.003;;;;1349;Crédito por IGMP a Computar;Deudor;Si;Corrientes;Casa Central;;*;;
1.03.003.003.000;;»;;1350;IVA;Deudor;No;Corrientes;Casa Central;;*;;
1.03.003.003.001;;;;1351;IVA Crédito Fiscal;Deudor;Si;Corrientes;Casa Central;;*;;
1.03.003.003.002;;;;1352;Saldo Técnico;Deudor;Si;Corrientes;Casa Central;;*;;
1.03.003.003.003;;;;1353;Saldo de Libre Disponibilidad;Deudor;Si;Corrientes;Casa Central;;*;;
1.03.003.003.004;;;;1354;Retenciones IVA;Deudor;Si;Corrientes;Casa Central;;*;;
1.03.003.003.005;;;;1355;Percepciones IVA;Deudor;Si;Corrientes;Casa Central;;*;;
1.03.003.003.006;;;;1356;Retenciones Resol. 1394 insc. RFOG Sujetas a Reintegro;Deudor;Si;Corrientes;Casa Central;;*;;
1.03.003.003.007;;;;1357;Retenciones Resol. 1394 insc. RFOG No  Sujetas a Reintegro;Deudor;Si;Corrientes;Casa Central;;*;;
1.03.003.004.000;;»;;1358;Impuesto Sobre los Ingresos Brutos;Deudor;No;Corrientes;Casa Central;;*;;
1.03.003.004.001;;;;1359;Saldo a Favor ISIB Santa Fe;Deudor;Si;Corrientes;Casa Central;;*;;
1.03.003.004.002;;;;1360;Saldo a Favor ISIB Chaco;Deudor;Si;Corrientes;Casa Central;;*;;
1.03.003.004.003;;;;1361;Saldo a Favor ISIB  Santiago del Estero;Deudor;Si;Corrientes;Casa Central;;*;;
1.03.003.004.004;;;;1362;Saldo a Favor ISIB Tucuman;Deudor;Si;Corrientes;Casa Central;;*;;
1.03.003.004.005;;;;1363;Saldo a Favor ISIB Buenos Aires;Deudor;Si;Corrientes;Casa Central;;*;;
;;;;;;;;;;;;;
;;;;;;;;;;Página;3;de;17
Ref. Contable;;;Cód.Corto;;D E N O M I N A C I O N;Saldo;Mov.;Clasificación;Sucursal;;Centro Costo;;
1.03.003.004.006;;;;1364;Saldo a Favor ISIB  Salta;Deudor;Si;Corrientes;Casa Central;;*;;
1.03.003.004.007;;;;1365;Saldo a Favor ISIB Corrientes;Deudor;Si;Corrientes;Casa Central;;*;;
1.03.003.004.008;;;;1366;Saldo a Favor ISIB La Pampa;Deudor;Si;Corrientes;Casa Central;;*;;
1.03.003.004.009;;;;1367;Saldo a Favor ISIB Córdoba;Deudor;Si;Corrientes;Casa Central;;*;;
1.03.003.004.010;;;;1368;Saldo a Favor ISIB Formosa;Deudor;Si;Corrientes;Casa Central;;*;;
1.03.003.004.011;;;;1369;Saldo a Favor ISIB La Rioja;Deudor;Si;Corrientes;Casa Central;;*;;
1.03.003.004.012;;;;1691;Saldo a Favor ISIB CABA;Deudor;Si;Corrientes;Casa Central;;*;;
1.03.003.004.100;;»;;1370;Ret. ISIB Santa Fe;Deudor;No;Corrientes;Casa Central;;*;;
1.03.003.004.101;;;;1371;Ret. ISIB Chaco;Deudor;Si;Corrientes;Casa Central;;*;;
1.03.003.004.102;;;;1372;Ret. ISIB  Santiago del Estero;Deudor;Si;Corrientes;Casa Central;;*;;
1.03.003.004.103;;;;1373;Ret.  ISIB Tucuman;Deudor;Si;Corrientes;Casa Central;;*;;
1.03.003.004.104;;;;1374;Ret. ISIB Buenos Aires;Deudor;Si;Corrientes;Casa Central;;*;;
1.03.003.004.105;;;;1375;Ret. ISIB  Salta;Deudor;Si;Corrientes;Casa Central;;*;;
1.03.003.004.106;;;;1376;Ret. ISIB Corrientes;Deudor;Si;Corrientes;Casa Central;;*;;
1.03.003.004.107;;;;1377;Ret.  ISIB La Pampa;Deudor;Si;Corrientes;Casa Central;;*;;
1.03.003.004.108;;;;1378;Ret. ISIB Córdoba;Deudor;Si;Corrientes;Casa Central;;*;;
1.03.003.004.109;;;;1379;Ret. ISIB Formosa;Deudor;Si;Corrientes;Casa Central;;*;;
1.03.003.004.110;;;;1380;Ret. ISIB La Rioja;Deudor;Si;Corrientes;Casa Central;;*;;
1.03.003.004.111;;;;1688;Ret. ISIB CABA;Deudor;Si;Corrientes;Casa Central;;*;;
1.03.003.004.200;;;;1381;Perc. ISIB Santa Fe;Deudor;Si;Corrientes;Casa Central;;*;;
1.03.003.004.201;;;;1382;Perc. ISIB Chaco;Deudor;Si;Corrientes;Casa Central;;*;;
1.03.003.004.202;;;;1383;Perc.ISIB  Santiago del Estero;Deudor;Si;Corrientes;Casa Central;;*;;
1.03.003.004.203;;;;1384;Perc. ISIB Tucuman;Deudor;Si;Corrientes;Casa Central;;*;;
1.03.003.004.204;;;;1385;Perc.ISIB Buenos Aires;Deudor;Si;Corrientes;Casa Central;;*;;
1.03.003.004.205;;;;1386;Perc. ISIB  Salta;Deudor;Si;Corrientes;Casa Central;;*;;
1.03.003.004.206;;;;1387;Perc. ISIB Corrientes;Deudor;Si;Corrientes;Casa Central;;*;;
1.03.003.004.207;;;;1388;Perc. ISIB La Pampa;Deudor;Si;Corrientes;Casa Central;;*;;
1.03.003.004.208;;;;1389;Perc.ISIB Córdoba;Deudor;Si;Corrientes;Casa Central;;*;;
1.03.003.004.209;;;;1390;Perc. ISIB Formosa;Deudor;Si;Corrientes;Casa Central;;*;;
1.03.003.004.210;;»;;1391;Perc. ISIB La Rioja;Deudor;No;Corrientes;Casa Central;;*;;
1.03.003.004.300;;;;1392;SIRCREB;Deudor;Si;Corrientes;Casa Central;;*;;
1.03.003.005.000;;»;;1393;Otros Créditos Fiscales;Deudor;No;Corrientes;Casa Central;;*;;
1.03.003.005.001;;;;1394;Retenciones SUSS;Deudor;Si;Corrientes;Casa Central;;*;;
1.03.003.005.002;;;;1395;Impuesto Comput able Ley 25413;Deudor;Si;Corrientes;Casa Central;;*;;
1.03.003.005.003;;;;1396;Crédito por Impuesto a los Combustibles Líquidos;Deudor;Si;Corrientes;Casa Central;;*;;
1.03.003.005.004;;;;1397;Otros Créditos Fiscales Municipales;Deudor;Si;Corrientes;Casa Central;;*;;
1.03.003.005.005;;;;1398;Otros Créditos Fiscales Provinciales;Deudor;Si;Corrientes;Casa Central;;*;;
1.03.003.005.006;;;;1399;Otros Créditos Fiscales Nacionales;Deudor;Si;Corrientes;Casa Central;;*;;
1.03.003.006.000;;;;1676;Perc. RG 3378/79 15%;Deudor;Si;Corrientes;Casa Central;;*;;
1.03.003.007.000;;;;1677;Retención Cosecha Mecánica Chaco;Deudor;Si;Corrientes;Casa Central;;*;;
1.03.003.008.000;;;;1685;Percepcion RG 3450 20%;Deudor;Si;Corrientes;Casa Central;;*;;
1.03.003.009.000;;;;1687;Percepcion RG. 3550 35%;Deudor;Si;Corrientes;Casa Central;;*;;
1.03.003.010.000;;;;1689;Perc. IIBB CABA;Deudor;Si;Corrientes;Casa Central;;*;;
1.03.003.011.000;;;;1699;Impuestos Aduaneros;Deudor;Si;Corrientes;Casa Central;;MOVIL 2 - EQI 920;;
;;;;;;;;;;;;;
RUBRO:;;;104;BINES DE CAMBIO;;;;;;;;;
;;;;;;;;;;;;;
CTA.MADRE:;;1.04.001;;;BIENES DE CAMBIO;;;;;;;;
1.04.001.001.000;;»;;1400;EXISTENCIA EN DEPOSITOS;Deudor;No;Corrientes;Casa Central;;*;;
1.04.001.001.001;;;;1401;ExistenciasXXXX;Deudor;Si;Corrientes;Casa Central;;*;;
1.04.001.001.002;;;;1402;ExistenciasXXXX;Deudor;Si;Corrientes;Casa Central;;*;;
1.04.001.001.003;;;;1403;ExistenciasXXXX;Deudor;Si;Corrientes;Casa Central;;*;;
;;;;;;;;;;;;;
RUBRO:;;;105;OTROS ACTIVOS;;;;;;;;;
;;;;;;;;;;;;;
CTA.MADRE:;;1.05.001;;;OTROS ACTIVOS;;;;;;;;
1.05.001.003.001;;;;1500;Seguros Pagados por Adelantado;Deudor;Si;Corrientes;Casa Central;;*;;
1.05.001.003.002;;;;1501;Seguros Pagados por Adelantado Pick Up;Deudor;Si;Corrientes;Casa Central;;*;;
1.05.001.003.003;;;;1502;Seguros Pagados por Adelantado Personas;Deudor;Si;Corrientes;Casa Central;;*;;
1.05.001.003.004;;;;1503;Anticipos Alquileres;Deudor;Si;Corrientes;Casa Central;;*;;
1.05.001.003.005;;;;1504;Anticipos Alquileres equipos;Deudor;Si;Corrientes;Casa Central;;*;;
1.05.001.003.006;;;;1505;Otros Gastos Pagados por Adelantado;Deudor;Si;Corrientes;Casa Central;;*;;
1.05.001.003.007;;;;1506;Seguros Pagados por Adelantado Rodados en Gral.;Deudor;Si;Corrientes;Casa Central;;*;;
;;;;;;;;;;;;;
;;;;;;;;;;;;;
RUBRO:;;;111;BIENES DE USO;;;;;;;;;
;;;;;;;;;;;;;
CTA.MADRE:;;1.11.001;;;TERRENOS;;;;;;;;
1.11.001.004.000;;;;1601;XXXXX;Deudor;Si;Corrientes;Casa Central;;*;;
1.11.001.005.000;;;;1602;XXXXX;Deudor;Si;Corrientes;Casa Central;;*;;
1.11.001.006.000;;;;1603;XXXXX;Deudor;Si;Corrientes;Casa Central;;*;;
;;;;;;;;;;;;;
CTA.MADRE:;;1.11.002;;;EDIFICIOS;;;;;;;;
1.11.002.001.000;;;;1608;Edificios;Deudor;Si;Corrientes;Casa Central;;*;;
1.11.002.002.000;;;;1609;OFICINAS ADMINISTRACION;Deudor;Si;Corrientes;Casa Central;;*;;
1.11.002.003.000;;;;1610;GALPON PARQUE INDUSTRIAL;Deudor;Si;Corrientes;Casa Central;;*;;
1.11.002.007.000;;;;1614;Amortizaciones Acumuladas Edificios;Deudor;Si;Corrientes;Casa Central;;*;;
;;;;;;;;;;;;;
CTA.MADRE:;;1.11.003;;;INSTALACIONES;;;;;;;;
1.11.003.001.000;;;;1616;XXX;Deudor;Si;Corrientes;Casa Central;;*;;
1.11.003.002.000;;;;1617;XXX;Deudor;Si;Corrientes;Casa Central;;*;;
1.11.003.003.000;;;;1618;XXX;Deudor;Si;Corrientes;Casa Central;;*;;
;;;;;;;;;;;;;
;;;;;;;;;;Página;5;de;17
Ref. Contable;;;Cód.Corto;;D E N O M I N A C I O N;Saldo;Mov.;Clasificación;Sucursal;;Centro Costo;;
1.11.003.004.000;;;;1619;OFICINAS;Deudor;Si;Corrientes;Casa Central;;*;;
1.11.003.005.000;;;;1620;Planta de Combustible;Deudor;Si;Corrientes;Casa Central;;*;;
1.11.003.006.000;;;;1621;Planta de Agua 300.000 Lts - Desmotadora;Deudor;Si;Corrientes;Casa Central;;*;;
1.11.003.007.000;;;;1622;Tanque de Agua;Deudor;Si;Corrientes;Casa Central;;*;;
1.11.003.008.000;;;;1623;Amortizaciones Acumuladas Instalaciones;Deudor;Si;Corrientes;Casa Central;;*;;
;;;;;;;;;;;;;
CTA.MADRE:;;1.11.004;;;RODADOS;;;;;;;;
1.11.004.001.000;;;;1625;Camiones y Acoplados;Deudor;Si;Corrientes;Casa Central;;*;;
1.11.004.002.000;;;;1626;Amort. Acum. Camiones y Acoplados;Deudor;Si;Corrientes;Casa Central;;*;;
1.11.004.003.000;;;;1627;Camionetas;Deudor;Si;Corrientes;Casa Central;;*;;
1.11.004.006.000;;;;1630;Rodados en General;Deudor;Si;Corrientes;Casa Central;;*;;
1.11.004.007.000;;;;1631;Camiones y Acoplados en Leasing;Deudor;Si;Corrientes;Casa Central;;*;;
1.11.004.008.000;;;;1632;Amort. Camiones y Acoplados en Leasing;Acreedor;Si;Corrientes;Casa Central;;*;;
1.11.004.015.000;;;;1639;Amortizaciones Acumuladas Rodados;Deudor;Si;Corrientes;Casa Central;;*;;
;;;;;;;;;;;;;
CTA.MADRE:;;1.11.005;;;MAQUINARIAS;;;;;;;;
1.11.005.001.000;;;;1641;XXXXX;Deudor;Si;Corrientes;Casa Central;;*;;
1.11.005.002.000;;;;1642;XXXXX;Deudor;Si;Corrientes;Casa Central;;*;;
1.11.005.002.100;;;;1650;Herramientas Varias;Deudor;Si;Corrientes;Casa Central;;*;;
1.11.005.003.000;;;;1643;Maquinarias y Herramientas;Deudor;Si;Corrientes;Casa Central;;*;;
1.11.005.012.000;;;;1652;Amort. Acum. Equipos Dxxxx;Deudor;Si;Corrientes;Casa Central;;*;;
1.11.005.013.000;;;;1653;Anticipo Proveedores Bienes de Uso;Deudor;Si;Corrientes;Casa Central;;*;;
1.11.005.017.000;;;;1657;Amort. Acum. Maquinarias en leasing;Deudor;Si;Corrientes;Casa Central;;*;;
1.11.005.020.000;;;;1660;Amort. Acum. Maquinarias y Herramientas;Deudor;Si;Corrientes;Casa Central;;*;;
;;;;;;;;;;;;;
CTA.MADRE:;;1.11.006;;;MUEBLES Y UTILES;;;;;;;;
1.11.006.001.000;;;;1662;Muebles y Utiles;Deudor;Si;Corrientes;Casa Central;;*;;
1.11.006.002.000;;;;1663;Amort. Acum. Muebles y Utiles;Deudor;Si;Corrientes;Casa Central;;*;;
;;;;;;;;;;;;;
CTA.MADRE:;;1.11.007;;;OBRAS EN CURSO;;;;;;;;
1.11.007.001.000;;;;1665;Obras en Curso;Deudor;Si;Corrientes;Casa Central;;*;;
;;;;;;;;;;;;;
CTA.MADRE:;;1.11.010;;;INVERSIONES;;;;;;;;
1.11.010.001.000;;;;1667;xxxx;Deudor;Si;Corrientes;Casa Central;;*;;
1.11.010.002.000;;;;1668;xxxx;Deudor;Si;Corrientes;Casa Central;;*;;
1.11.010.003.000;;;;1693;xxxx;Deudor;Si;Corrientes;Casa Central;;*;;
;;;;;;;;;;;;;
RUBRO:;;;112;INVERSIONES;;;;;;;;;
;;;;;;;;;;;;;
CTA.MADRE:;;..**;;;** SIN CTA.MADRE ***;;;;;;;;
....S/N;;»;;*;*** SIN CUENTA ***;*;*;*;*;;*;;
;;;;;;;;;;;;;
RUBRO:;;;115;ACTIVOS INTANGIBLES;;;;;;;;;
;;;;;;;;;;;;;
CTA.MADRE:;;1.15.001;;;ACTIVOS INTANGIBLES;;;;;;;;
1.15.001.001.000;;;;1670;Activos Intangibles;Deudor;Si;Corrientes;Casa Central;;*;;
;;;;;;;;;;;;;
RUBRO:;;;116;OTROS ACTIVOS;;;;;;;;;
;;;;;;;;;;;;;
CTA.MADRE:;;1.16.001;;;OTROS ACTIVOS;;;;;;;;
1.16.001.001.000;;;;1672;Otros Activos;Deudor;Si;Corrientes;Casa Central;;*;;
;;;;;;;;;;;;;
;;;;;;;;;;Página;6;de;17
Ref. Contable;;;Cód.Corto;;D E N O M I N A C I O N;Saldo;Mov.;Clasificación;Sucursal;;Centro Costo;;
;;;;;;;;;;;;;
CAPITULO:;;;2;PASIVO;;;;;;;;;
;;;;;;;;;;;;;
RUBRO:;;;201;DEUDAS COMERCIALES;;;;;;;;;
;;;;;;;;;;;;;
CTA.MADRE:;;2.01.001;;;PROVEEDORES;;;;;;;;
2.01.001.001.000;;;;2001;Proveedores Combustibles;Deudor;Si;Corrientes;Casa Central;;*;;
2.01.001.002.000;;;;2002;Proveedores Servicos;Deudor;Si;Corrientes;Casa Central;;*;;
2.01.001.003.000;;;;2003;Proveedores de Fletes;Deudor;Si;Corrientes;Casa Central;;*;;
2.01.001.004.000;;;;2004;Proveedores Varios;Deudor;Si;Corrientes;Casa Central;;*;;
;;;;;;;;;;;;;
CTA.MADRE:;;2.01.002;;;ACREEDORES;;;;;;;;
2.01.002.003.000;;;;2007;Acreedores Bienes de Uso;Deudor;Si;Corrientes;Casa Central;;*;;
2.01.002.004.000;;;;2008;Acreedores Leasing;Deudor;Si;Corrientes;Casa Central;;*;;
2.01.002.005.000;;;;2009;Acreedores Varios;Deudor;Si;Corrientes;Casa Central;;*;;
2.01.002.006.000;;;;2010;Arrendamientos a Pagar;Acreedor;Si;Corrientes;Casa Central;;*;;
;;;;;;;;;;;;;
CTA.MADRE:;;2.01.003;;;OTRAS DEUDAS COMERCIALES;;;;;;;;
2.01.003.001.000;;;;2011;Convenio Productivo;Deudor;Si;Corrientes;Casa Central;;*;;
2.01.003.002.000;;;;2012;Cheques Diferidos Banco Galicia;Deudor;Si;Corrientes;Casa Central;;*;;
2.01.003.003.000;;;;2013;Cheques Diferidos Banco Bisel;Deudor;Si;Corrientes;Casa Central;;*;;
2.01.003.004.000;;;;2014;Cheques Diferidos Nvo Bco Santa Fe;Deudor;Si;Corrientes;Casa Central;;*;;
2.01.003.005.000;;;;2015;Cheques Diferidos ICBC;Deudor;Si;Corrientes;Casa Central;;*;;
2.01.003.006.000;;;;2016;Cheques Diferidos Banco Nación;Deudor;Si;Corrientes;Casa Central;;*;;
2.01.003.007.000;;;;2017;Cheques Diferidos Banco Macro;Deudor;Si;Corrientes;Casa Central;;*;;
2.01.003.008.000;;;;2018;Cheques Diferidos Banco Credicoop;Deudor;Si;Corrientes;Casa Central;;*;;
2.01.003.009.000;;;;2019;Cheques Diferidos Banco Patagonia;Deudor;Si;Corrientes;Casa Central;;*;;
2.01.003.010.000;;;;2020;Cheques Diferidos Banco Finansur;Deudor;Si;Corrientes;Casa Central;;*;;
2.01.003.011.000;;;;2021;Cheques Diferidos Banco Itau;Deudor;Si;Corrientes;Casa Central;;*;;
2.01.003.012.000;;;;2022;Cheques Diferidos Banco Comafi;Deudor;Si;Corrientes;Casa Central;;*;;
2.01.003.013.000;;;;2023;Cheques Diferidos Banco Santanfer Río;Deudor;Si;Corrientes;Casa Central;;*;;
2.01.003.014.000;;;;2024;Cheques Diferidos HSBC;Deudor;Si;Corrientes;Casa Central;;*;;
2.01.003.015.000;;;;2025;Cheques Diferidos Bco. Patagonia Suc. Resistencia;Deudor;Si;Corrientes;Casa Central;;*;;
2.01.003.016.000;;;;2026;Intereses Pasivos a Devengar;Deudor;Si;Corrientes;Casa Central;;*;;
2.01.003.017.000;;;;2865;Cheques Diferidos Banco Bica;Acreedor;Si;Corrientes;Casa Central;;*;;
;;;;;;;;;;;;;
RUBRO:;;;202;DEUDAS FINANCIERAS;;;;;;;;;
;;;;;;;;;;;;;
CTA.MADRE:;;2.02.001;;;DEUDAS BANCARIAS;;;;;;;;
2.02.001.001.000;;;;2201;Deudas Nuevo Banco Santa Fe;Deudor;Si;Corrientes;Casa Central;;*;;
2.02.001.001.001;;;;2202;Adelantos en Cta. Cte. Nuevo Banco de Santa Fe;Deudor;Si;Corrientes;Casa Central;;*;;
2.02.001.001.002;;;;2103;Intereses Adelantos en Cta. Cte. Nuevo Banco de Santa Fe;Deudor;Si;Corrientes;Casa Central;;*;;
2.02.001.002.000;;»;;2204;Deudas Nuevo Banco Macro;Deudor;No;Corrientes;Casa Central;;*;;
2.02.001.002.001;;;;2105;Adelantos en Cta. Cte. Macro;Deudor;Si;Corrientes;Casa Central;;*;;
2.02.001.002.002;;;;2206;Intereses Adelantos en Cta. Cte. Macro;Deudor;Si;Corrientes;Casa Central;;*;;
2.02.001.003.000;;»;;2107;Deudas Banco de la Nación Argentina;Deudor;No;Corrientes;Casa Central;;*;;
2.02.001.003.001;;;;2208;Adelantos en Cta.Cte. BNA;Deudor;Si;Corrientes;Casa Central;;*;;
2.02.001.003.002;;;;2109;Intereses Adelantos en Cta. Cte. BNA;Deudor;Si;Corrientes;Casa Central;;*;;
2.02.001.004.000;;»;;2210;Deudas Banco Credocoop;Deudor;No;Corrientes;Casa Central;;*;;
2.02.001.004.001;;;;2111;Adelantos en Cta. Cte. Credicoop;Deudor;Si;Corrientes;Casa Central;;*;;
2.02.001.004.002;;;;2212;Intereses Adelantos en Cta. Cte. Credicoop;Deudor;Si;Corrientes;Casa Central;;*;;
2.02.001.005.000;;»;;2113;Deudas Nuevo Banco Supervielle;Deudor;No;Corrientes;Casa Central;;*;;
2.02.001.005.001;;;;2214;Adelantos en Cta. Cte. Supervielle;Deudor;Si;Corrientes;Casa Central;;*;;
2.02.001.005.002;;;;2115;Intereses Adelantos en Cta. Cte. Supervielle;Deudor;Si;Corrientes;Casa Central;;*;;
2.02.001.006.000;;»;;2216;Deudas Banco ICBC;Deudor;No;Corrientes;Casa Central;;*;;
2.02.001.006.001;;;;2117;Adelantos en Cta. Cte. ICBC;Deudor;Si;Corrientes;Casa Central;;*;;
2.02.001.006.002;;;;2218;Intereses adelantos en Cta. Cte.ICBC;Deudor;Si;Corrientes;Casa Central;;*;;
2.02.001.007.000;;»;;2119;Deudas Banco Galicia;Deudor;No;Corrientes;Casa Central;;*;;
2.02.001.007.001;;;;2220;Adelantos en Cta. Cte. Galicia;Deudor;Si;Corrientes;Casa Central;;*;;
2.02.001.008.000;;»;;2121;Deudas Banco Hipotecario;Deudor;No;Corrientes;Casa Central;;*;;
2.02.001.008.001;;;;2222;Adelantos en Cta. Cte. Hipotecario;Deudor;Si;Corrientes;Casa Central;;*;;
2.02.001.008.002;;;;2123;Intereses adelantos en Cta. Cte. Hipotecario;Deudor;Si;Corrientes;Casa Central;;*;;
2.02.001.009.000;;;;2224;Agro Santa Fe;Acreedor;Si;Corrientes;Casa Central;;*;;
2.02.001.010.000;;;;2125;Agro Nación;Acreedor;Si;Corrientes;Casa Central;;*;;
2.02.001.011.000;;;;2226;Galicia Rural;Acreedor;Si;Corrientes;Casa Central;;*;;
2.02.001.012.000;;;;2227;Agro Patagonia;Acreedor;Si;Corrientes;Casa Central;;*;;
2.02.001.013.000;;;;2848;Tarjeta Bisel Agro;Acreedor;Si;Corrientes;Casa Central;;*;;
2.02.001.014.000;;;;2857;Mutuos;Acreedor;Si;Corrientes;Casa Central;;*;;
;;;;;;;;;;;;;
;;;;;;;;;;Página;7;de;17
Ref. Contable;;;Cód.Corto;;D E N O M I N A C I O N;Saldo;Mov.;Clasificación;Sucursal;;Centro Costo;;
2.02.001.015.000;;»;;2858;Deudas Banco Itaú;Acreedor;No;Corrientes;Casa Central;;*;;
2.02.001.015.001;;;;2859;Adelanto en Cta. Cte. Itau;Acreedor;Si;Corrientes;Casa Central;;*;;
2.02.001.015.002;;;;2860;Intereses adelantados en Cta. Cte Itaú;Acreedor;Si;Corrientes;Casa Central;;*;;
;;;;;;;;;;;;;
CTA.MADRE:;;2.02.002;;;PRESTAMOS BANCARIOS;;;;;;;;
2.02.002.001.000;;»;;2124;PRESTAMOS PRENDARIOS;Deudor;No;Corrientes;Casa Central;;*;;
2.02.002.001.001;;;;2225;Préstamos Prendatios;Deudor;Si;Corrientes;Casa Central;;*;;
2.02.002.001.002;;;;2199;Intereses Prétamos Prendarios a Devengar;Deudor;Si;Corrientes;Casa Central;;*;;
2.02.002.003.000;;»;;2298;PRESTAMOS HIPOTECARIOS;Deudor;No;Corrientes;Casa Central;;*;;
2.02.002.003.001;;;;2228;Acreedores Hipotecarios;Deudor;Si;Corrientes;Casa Central;;*;;
2.02.002.003.002;;;;2129;Intereses Prétamos Hipotecarios a Devengar;Deudor;Si;Corrientes;Casa Central;;*;;
2.02.002.004.000;;»;;2230;PRESTAMOS EN MONEDA LOCAL;Deudor;No;Corrientes;Casa Central;;*;;
2.02.002.004.001;;;;2131;Préstamos en ML Nuevo Banco Santa Fe;Deudor;Si;Corrientes;Casa Central;;*;;
2.02.002.004.002;;;;2232;Intereses a Devengar  ML Nuevo Banco Santa Fe;Deudor;Si;Corrientes;Casa Central;;*;;
2.02.002.004.003;;;;2133;Préstamos en ML Macro;Deudor;Si;Corrientes;Casa Central;;*;;
2.02.002.004.004;;;;2234;Intereses a Devengar  ML Macro;Deudor;Si;Corrientes;Casa Central;;*;;
2.02.002.004.005;;;;2135;Préstamos en ML BNA - Suc. Avda.;Deudor;Si;Corrientes;Casa Central;;*;;
2.02.002.004.006;;;;2236;Intereses a Devengar  ML BNA - Suc. Avda.;Deudor;Si;Corrientes;Casa Central;;*;;
2.02.002.004.007;;;;2137;Préstamos en ML Credicoop;Deudor;Si;Corrientes;Casa Central;;*;;
2.02.002.004.008;;;;2238;Intereses a Devengar  ML  Credicoop;Deudor;Si;Corrientes;Casa Central;;*;;
2.02.002.004.009;;;;2139;Préstamos en ML ICBC;Deudor;Si;Corrientes;Casa Central;;*;;
2.02.002.004.010;;;;2240;Intereses a Devengar  ML  ICBC;Deudor;Si;Corrientes;Casa Central;;*;;
2.02.002.004.011;;;;2141;Préstamos en ML Galicia;Deudor;Si;Corrientes;Casa Central;;*;;
2.02.002.004.012;;;;2242;Intereses a Devengar  ML  Galicia;Deudor;Si;Corrientes;Casa Central;;*;;
2.02.002.004.013;;;;2143;Préstamos en ML Patagonia;Deudor;Si;Corrientes;Casa Central;;*;;
2.02.002.004.014;;;;2244;Intereses a Devengar  ML  Patagonia;Deudor;Si;Corrientes;Casa Central;;*;;
2.02.002.004.015;;;;2145;Otros Préstamos en ML;Deudor;Si;Corrientes;Casa Central;;*;;
2.02.002.004.016;;;;2246;Intereses a Devengar Otros Préstamos en ML;Deudor;Si;Corrientes;Casa Central;;*;;
2.02.002.004.017;;;;2853;Prestamos en ML HSBC;Acreedor;Si;Corrientes;Casa Central;;*;;
2.02.002.004.018;;»;;2854;Intereses a Devengar ML HSBC;Acreedor;No;Corrientes;Casa Central;;*;;
2.02.002.004.019;;;;2855;Prestamos en ML ITAU;Acreedor;Si;Corrientes;Casa Central;;*;;
2.02.002.004.020;;;;2856;Intereses a Devengar ML ITAU;Acreedor;Si;Corrientes;Casa Central;;*;;
2.02.002.005.000;;»;;2147;PRESTAMOS EN MONEDA EXTRANJERA;Deudor;No;Corrientes;Casa Central;;*;;
2.02.002.005.001;;;;2248;Préstamos en ME Supervielle;Deudor;Si;Corrientes;Casa Central;;*;;
2.02.002.005.002;;;;2149;Intereses a Devengar  ME Supervielle;Deudor;Si;Corrientes;Casa Central;;*;;
2.02.002.005.003;;;;2250;Préstamos en ME Galicia;Deudor;Si;Corrientes;Casa Central;;*;;
2.02.002.005.004;;;;2151;Intereses a Devengar  ME Galicia;Deudor;Si;Corrientes;Casa Central;;*;;
2.02.002.006.000;;»;;2252;PRESTAMOS DE COMERCIO EXTERIOR;Deudor;No;Corrientes;Casa Central;;*;;
2.02.002.006.001;;;;2153;Préstamos de Comercio Exterior Macro;Deudor;Si;Corrientes;Casa Central;;*;;
2.02.002.006.002;;;;2254;Intereses a Devengar  Prést. Comercio Ext. Macro;Deudor;Si;Corrientes;Casa Central;;*;;
2.02.002.006.003;;;;2155;Préstamos de Comercio Exterior Galicia;Deudor;Si;Corrientes;Casa Central;;*;;
2.02.002.006.004;;;;2256;Intereses a Devengar  Prést. Comercio Ext.Galicia;Deudor;Si;Corrientes;Casa Central;;*;;
2.02.002.006.005;;;;2157;Préstamos de Comercio Exterior Santa Fe;Deudor;Si;Corrientes;Casa Central;;*;;
2.02.002.006.006;;;;2258;Intereses a Devengar  Prést. Comercio Ext. Santa Fe;Deudor;Si;Corrientes;Casa Central;;*;;
2.02.002.006.007;;;;2159;Préstamos de Comercio Exterior ICBC;Deudor;Si;Corrientes;Casa Central;;*;;
2.02.002.006.008;;;;2260;Intereses a Devengar  Prést. Comercio Ext.ICBC;Deudor;Si;Corrientes;Casa Central;;*;;
2.02.002.006.009;;;;2161;Préstamos de Comercio Exterior Finansur;Deudor;Si;Corrientes;Casa Central;;*;;
2.02.002.006.010;;;;2262;Intereses a Devengar  Prést. Comercio Ext. Finansur;Deudor;Si;Corrientes;Casa Central;;*;;
2.02.002.006.011;;;;2163;Préstamos de Comercio Exterior Itaú;Deudor;Si;Corrientes;Casa Central;;*;;
2.02.002.006.012;;;;2264;Intereses a Devengar  Prést. Comercio Ext. Itaú;Deudor;Si;Corrientes;Casa Central;;*;;
2.02.002.006.013;;;;2165;Préstamos de Comercio Exterior Patagonia;Deudor;Si;Corrientes;Casa Central;;*;;
2.02.002.006.014;;;;2266;Intereses a Devengar  Prést. Comercio Ext. Patagonia;Deudor;Si;Corrientes;Casa Central;;*;;
2.02.002.006.015;;;;2167;Préstamos de Comercio Exterior Supervielle;Deudor;Si;Corrientes;Casa Central;;*;;
2.02.002.006.016;;;;2268;Intereses a Devengar  Prést. Comercio Ext.  Supervielle;Deudor;Si;Corrientes;Casa Central;;*;;
2.02.002.006.017;;;;2169;Préstamos de Comercio Exterior Hipotecario;Deudor;Si;Corrientes;Casa Central;;*;;
2.02.002.006.018;;;;2270;Intereses a Devengar  Prést. Comercio Ext.  Hipotecario;Deudor;Si;Corrientes;Casa Central;;*;;
2.02.002.006.019;;;;2171;Préstamos de Comercio Exterior HSBC;Deudor;Si;Corrientes;Casa Central;;*;;
2.02.002.006.020;;;;2272;Intereses a Devengar  Prést. Comercio Ext.  HSBC;Deudor;Si;Corrientes;Casa Central;;*;;
2.02.002.006.021;;;;2173;Préstamos de Comercio Exterior BNA;Deudor;Si;Corrientes;Casa Central;;*;;
2.02.002.006.022;;;;2274;Intereses a Devengar  Prést. Comercio Ext.  BNA;Deudor;Si;Corrientes;Casa Central;;*;;
2.02.002.007.000;;»;;2175;OTRAS DEUDAS FINANCIERAS EN MONEDA LOCAL;Deudor;No;Corrientes;Casa Central;;*;;
2.02.002.007.001;;;;2276;Deudas Fiduciarias ML;Deudor;Si;Corrientes;Casa Central;;*;;
2.02.002.007.002;;;;2177;Otros Préstamos en ML;Deudor;Si;Corrientes;Casa Central;;*;;
2.02.002.007.003;;;;2278;John Deere Credit ML;Deudor;Si;Corrientes;Casa Central;;*;;
2.02.002.008.000;;»;;2179;OTRAS DEUDAS FINANCIERAS EN MONEDA EXTRANJERA;Deudor;No;Corrientes;Casa Central;;*;;
2.02.002.008.001;;;;2280;Deudas Fiduciarias ME;Deudor;Si;Corrientes;Casa Central;;*;;
2.02.002.008.002;;;;2181;Otros Préstamos en ME;Deudor;Si;Corrientes;Casa Central;;*;;
;;;;;;;;;;;;;
;;;;;;;;;;Página;8;de;17
Ref. Contable;;;Cód.Corto;;D E N O M I N A C I O N;Saldo;Mov.;Clasificación;Sucursal;;Centro Costo;;
2.02.002.009.000;;»;;2183;OBLIGACIONES A PAGAR LEASING;Deudor;No;Corrientes;Casa Central;;*;;
2.02.002.009.001;;;;2284;Obligaciones a  Pagar Leading Banco Macro;Deudor;Si;Corrientes;Casa Central;;*;;
2.02.002.009.002;;;;2185;Intereses a Devengar Leasing Banco Macro;Deudor;Si;Corrientes;Casa Central;;*;;
2.02.002.009.003;;;;2286;Obligaciones a  Pagar Leading Banco Galicia;Deudor;Si;Corrientes;Casa Central;;*;;
2.02.002.009.004;;;;2187;Intereses a Devengar Leasing Banco Galicia;Deudor;Si;Corrientes;Casa Central;;*;;
2.02.002.009.005;;;;2288;Obligaciones a  Pagar Leading Banco Santa Fe;Deudor;Si;Corrientes;Casa Central;;*;;
2.02.002.009.006;;;;2189;Intereses a Devengar Leasing Banco Santa Fe;Deudor;Si;Corrientes;Casa Central;;*;;
2.02.002.009.007;;;;2290;Obligaciones a  Pagar Leading Mercedes Benz;Deudor;Si;Corrientes;Casa Central;;*;;
2.02.002.009.008;;;;2191;Intereses a Devengar Leasing Mercedes Benz;Deudor;Si;Corrientes;Casa Central;;*;;
2.02.002.009.009;;;;2292;Obligaciones a  Pagar Leading CGM;Deudor;Si;Corrientes;Casa Central;;*;;
2.02.002.009.010;;;;2193;Intereses a Devengar Leasing CGM;Deudor;Si;Corrientes;Casa Central;;*;;
2.02.002.009.011;;;;2294;Obligaciones a  Pagar Leading HSBC;Deudor;Si;Corrientes;Casa Central;;*;;
2.02.002.009.012;;;;2195;Intereses a Devengar Leasing HSBC;Deudor;Si;Corrientes;Casa Central;;*;;
2.02.002.009.013;;;;2866;Obligaciones a Pagar Leasing;Acreedor;Si;Corrientes;Casa Central;;*;;
2.02.002.009.014;;;;2867;Intereses a Devengar Leasing;Acreedor;Si;Corrientes;Casa Central;;*;;
2.02.002.010.000;;»;;2850;PRESTAMOS CON GARANTIA WARRANT;Acreedor;No;Corrientes;Casa Central;;*;;
2.02.002.010.001;;;;2851;Préstamos Warrant Galicia;Acreedor;Si;Corrientes;Casa Central;;*;;
2.02.002.010.002;;;;2852;Intereses a Devengar Warrant Galicia;Acreedor;Si;Corrientes;Casa Central;;*;;
;;;;;;;;;;;;;
RUBRO:;;;203;DEUDAS SOCIALES;;;;;;;;;
;;;;;;;;;;;;;
CTA.MADRE:;;2.03.001;;;REMUNERACIONES A PAGAR;;;;;;;;
2.03.001.001.000;;;;2301;Sueldos  y Jornales a Pagar;Deudor;Si;Corrientes;Casa Central;;*;;
2.03.001.002.000;;;;2302;Viáticos a Pagar;Deudor;Si;Corrientes;Casa Central;;*;;
2.03.001.003.000;;;;2303;Premios a Pagar;Deudor;Si;Corrientes;Casa Central;;*;;
;;;;;;;;;;;;;
CTA.MADRE:;;2.03.002;;;CARGAS SOCIALES A PAGAR;;;;;;;;
2.03.002.001.000;;;;2305;Aportes y Contribuciones SUSS a Pagar;Deudor;Si;Corrientes;Casa Central;;*;;
2.03.002.002.000;;;;2306;Sepelios a Pagar;Deudor;Si;Corrientes;Casa Central;;*;;
2.03.002.004.000;;;;2308;Sindicato Camioneros a Pagar;Deudor;Si;Corrientes;Casa Central;;*;;
2.03.002.005.000;;;;2309;Sindicato Empleados de Comercio a Pagar;Deudor;Si;Corrientes;Casa Central;;*;;
2.03.002.006.000;;;;2310;FAECYS a Pagar;Deudor;Si;Corrientes;Casa Central;;*;;
2.03.002.007.000;;;;2311;Fondo de Recparación Social a Pagar;Deudor;Si;Corrientes;Casa Central;;*;;
2.03.002.008.000;;;;2312;Retenciones Judiciales a Depositar;Deudor;Si;Corrientes;Casa Central;;*;;
2.03.002.009.000;;;;2313;Indemnizaciones por Despido;Deudor;Si;Corrientes;Casa Central;;*;;
2.03.002.010.000;;;;2849;INACAP a Pagar;Acreedor;Si;Corrientes;Casa Central;;*;;
;;;;;;;;;;;;;
CTA.MADRE:;;2.03.003;;;PROVISIONES;;;;;;;;
2.03.003.001.000;;;;2315;Provisión Vacaciones;Deudor;Si;Corrientes;Casa Central;;*;;
2.03.003.002.000;;;;2316;Provisión Cargas Sociales  Vacaciones;Deudor;Si;Corrientes;Casa Central;;*;;
2.03.003.003.000;;;;2317;Provisión SAC;Deudor;Si;Corrientes;Casa Central;;*;;
2.03.003.004.000;;;;2318;Provisión Cargas Sociales  SAC;Deudor;Si;Corrientes;Casa Central;;*;;
2.03.003.005.000;;;;2319;Provisión Premios;Deudor;Si;Corrientes;Casa Central;;*;;
2.03.003.006.000;;;;2320;Provisión Cargas Sociales  Premios;Deudor;Si;Corrientes;Casa Central;;*;;
;;;;;;;;;;;;;
RUBRO:;;;204;CUENTA PARTICULAR DE LOS SOCIOS;;;;;;;;;
;;;;;;;;;;;;;
CTA.MADRE:;;2.04.001;;;CUENTA PARTICULAR DE LOS SOCIOS;;;;;;;;
2.04.001.001.000;;;;2401;Socio XXXX Cuenta Particular;Deudor;Si;Corrientes;Casa Central;;*;;
2.04.001.002.000;;;;2402;Socio XXXX Cuenta Particular;Deudor;Si;Corrientes;Casa Central;;*;;
2.04.001.003.000;;;;2403;Socio XXXX Cuenta Particular;Deudor;Si;Corrientes;Casa Central;;*;;
;;;;;;;;;;;;;
RUBRO:;;;205;DEUDAS FISCALES;;;;;;;;;
;;;;;;;;;;;;;
CTA.MADRE:;;2.05.001;;;DEUDAS FISCALES;;;;;;;;
2.05.001.001.000;;»;;2500;IVA;Deudor;No;Corrientes;Casa Central;;*;;
2.05.001.001.001;;;;2501;IVA Débito Fiscal;Deudor;Si;Corrientes;Casa Central;;*;;
2.05.001.001.002;;;;2502;IVA A Pagar;Deudor;Si;Corrientes;Casa Central;;*;;
2.05.001.002.000;;»;;2503;IMPUESTO A LAS GANANCIAS;Deudor;No;Corrientes;Casa Central;;*;;
2.05.001.002.001;;;;2504;Impuesto a las Ganancias a Pagar;Deudor;Si;Corrientes;Casa Central;;*;;
2.05.001.003.000;;»;;2505;IMPUESTO A LA GANANCIA MINIMA PRESUNTA;Deudor;No;Corrientes;Casa Central;;*;;
2.05.001.003.001;;;;2506;Impuesto a la Ganancia Mínima Presunta;Deudor;Si;Corrientes;Casa Central;;*;;
2.05.001.004.000;;»;;2507;MORATORIAS;Deudor;No;Corrientes;Casa Central;;*;;
2.05.001.004.001;;;;2508;Moratorias AFIP a Pagar;Deudor;Si;Corrientes;Casa Central;;*;;
2.05.001.004.002;;;;2509;Moratorias API a Pagar;Deudor;Si;Corrientes;Casa Central;;*;;
2.05.001.004.003;;;;2862;Moratorias IIBB Córdoba;Acreedor;Si;Corrientes;Casa Central;;*;;
2.05.001.004.004;;;;2863;Moratorias IIBB SE;Acreedor;Si;Corrientes;Casa Central;;*;;
;;;;;;;;;;;;;
;;;;;;;;;;Página;9;de;17
Ref. Contable;;;Cód.Corto;;D E N O M I N A C I O N;Saldo;Mov.;Clasificación;Sucursal;;Centro Costo;;
2.05.001.004.005;;;;2864;Moratorias IIBB Buenos Aires;Acreedor;Si;Corrientes;Casa Central;;*;;
2.05.001.005.000;;;;2510;Intereses a Devengar;Deudor;Si;Corrientes;Casa Central;;*;;
2.05.001.006.000;;»;;2511;RETENCIONES;Deudor;No;Corrientes;Casa Central;;*;;
2.05.001.006.001;;;;2512;Retenciones ISIB a Pagar;Deudor;Si;Corrientes;Casa Central;;*;;
2.05.001.006.002;;;;2513;Retenciones Impuesto a las Ganancias a Pagar;Deudor;Si;Corrientes;Casa Central;;*;;
2.05.001.006.003;;;;2514;Retenciones IVA a Pagar;Deudor;Si;Corrientes;Casa Central;;*;;
2.05.001.007.000;;»;;2516;IMPUESTO SOBRE LOS INGRESOS BRUTOS;Deudor;No;Corrientes;Casa Central;;*;;
2.05.001.007.001;;;;2517;Impuesto sSobre los Ingresos Brutos a Pagar;Deudor;Si;Corrientes;Casa Central;;*;;
2.05.001.008.000;;»;;2518;IMPUESTOS MUNICIPALES;Deudor;No;Corrientes;Casa Central;;*;;
2.05.001.008.001;;;;2519;D.R.I. a Pagar;Deudor;Si;Corrientes;Casa Central;;*;;
2.05.001.008.002;;;;2520;Otros Impuestos Municipales y Comunales a Pagar;Deudor;Si;Corrientes;Casa Central;;*;;
2.05.001.008.003;;»;;2521;OTRAS DEUDAS FISCALES;Deudor;No;Corrientes;Casa Central;;*;;
2.05.001.008.004;;;;2522;Pasivos por Impuesto Diferido;Deudor;Si;Corrientes;Casa Central;;*;;
2.05.001.008.005;;;;2523;Impuesto Sobre Bienes Personales Responsables Sustituto;Deudor;Si;Corrientes;Casa Central;;*;;
2.05.001.008.006;;;;2524;Patentes a Pagar;Deudor;Si;Corrientes;Casa Central;;*;;
2.05.001.008.007;;;;2525;Impuesto Inmobiiario a Pagar;Deudor;Si;Corrientes;Casa Central;;*;;
;;;;;;;;;;;;;
RUBRO:;;;206;PREVISIONES;;;;;;;;;
;;;;;;;;;;;;;
CTA.MADRE:;;2.06.001;;;PREVISIONES;;;;;;;;
2.06.001.001.000;;;;2601;Previsión por Despidos;Deudor;Si;Corrientes;Casa Central;;*;;
2.06.001.002.000;;;;2602;Precisión para Juicios;Deudor;Si;Corrientes;Casa Central;;*;;
;;;;;;;;;;;;;
RUBRO:;;;207;OTROS PASIVOS;;;;;;;;;
;;;;;;;;;;;;;
CTA.MADRE:;;2.07.001;;;OTROS PASIVOS;;;;;;;;
2.07.001.001.000;;;;2701;Anticipos de Clientes;Deudor;Si;Corrientes;Casa Central;;*;;
2.07.001.002.000;;;;2702;Alquileres Pagados por Adelantado;Deudor;Si;Corrientes;Casa Central;;*;;
2.07.001.003.000;;;;2710;Anticipos por Venta de Inmuebles;Deudor;Si;Corrientes;Casa Central;;*;;
2.07.001.004.000;;;;2704;Otros Anticipos;Deudor;Si;Corrientes;Casa Central;;*;;
2.07.001.005.000;;;;2712;Honorarios Directores a Pagar;Deudor;Si;Corrientes;Casa Central;;*;;
2.07.001.006.000;;;;2707;Dividendos a Pagar;Deudor;Si;Corrientes;Casa Central;;*;;
;;;;;;;;;;;;;
RUBRO:;;;222;DEUDAS COMERCIALES NO CORRIENTES;;;;;;;;;
;;;;;;;;;;;;;
CTA.MADRE:;;2.22.001;;;PROVEEDORES NO CORRIENTES;;;;;;;;
2.22.001.001.000;;;;2800;Proveedores Combustibles No corrientes;Deudor;Si;Corrientes;Casa Central;;*;;
2.22.001.002.000;;;;2801;Proveedores Servicios Agrícolas No corrientes;Deudor;Si;Corrientes;Casa Central;;*;;
2.22.001.003.000;;;;2802;Proveedores de Fletes  No corrientes;Deudor;Si;Corrientes;Casa Central;;*;;
2.22.001.004.000;;;;2803;Proveedores Varios No corrientes;Deudor;Si;Corrientes;Casa Central;;*;;
;;;;;;;;;;;;;
;;;;;;;;;;;;;
CTA.MADRE:;;2.22.002;;;ACREEDORES NO CORRIENTES;;;;;;;;
2.22.002.001.000;;;;2805;ACREEDORES CONCURSALES;Deudor;Si;Corrientes;Casa Central;;*;;
2.22.002.002.000;;;;2806;Acreedores Leasing No corrientes;Deudor;Si;Corrientes;Casa Central;;*;;
2.22.002.003.000;;;;2807;Acreedores Varios No corrientes;Deudor;Si;Corrientes;Casa Central;;*;;
;;;;;;;;;;;;;
CTA.MADRE:;;2.22.003;;;OTRAS DEUDAS COMERCIALES NO CORRIENTES;;;;;;;;
2.22.003.001.000;;;;2808;Convenio Productivo No corrientes;Deudor;Si;Corrientes;Casa Central;;*;;
2.22.003.002.000;;;;2809;Cheques Diferidos Banco Galicia No corrientes;Deudor;Si;Corrientes;Casa Central;;*;;
2.22.003.003.000;;;;2810;Cheques Diferidos Banco Macrol No corrientes;Deudor;Si;Corrientes;Casa Central;;*;;
2.22.003.004.000;;;;2811;Cheques Diferidos Nvo Bco Santa Fe No corrientes;Deudor;Si;Corrientes;Casa Central;;*;;
2.22.003.005.000;;;;2812;Cheques Diferidos ICBC No corrientes;Deudor;Si;Corrientes;Casa Central;;*;;
2.22.003.006.000;;;;2813;Cheques Diferidos Banco Nación No corrientes;Deudor;Si;Corrientes;Casa Central;;*;;
2.22.003.007.000;;;;2814;Cheques Diferidos Banco Macro No corrientes;Deudor;Si;Corrientes;Casa Central;;*;;
2.22.003.008.000;;;;2815;Cheques Diferidos Banco Credicoop No corrientes;Deudor;Si;Corrientes;Casa Central;;*;;
2.22.003.009.000;;;;2816;Cheques Diferidos Banco Patagonia No corrientes;Deudor;Si;Corrientes;Casa Central;;*;;
2.22.003.010.000;;;;2817;Cheques Diferidos Banco Finansur No corrientes;Deudor;Si;Corrientes;Casa Central;;*;;
2.22.003.011.000;;;;2818;Cheques Diferidos Banco Itau No corrientes;Deudor;Si;Corrientes;Casa Central;;*;;
2.22.003.012.000;;;;2819;Cheques Diferidos Banco Comafi No corrientes;Deudor;Si;Corrientes;Casa Central;;*;;
2.22.003.013.000;;;;2820;Cheques Diferidos Banco Santanfer Río No corrientes;Deudor;Si;Corrientes;Casa Central;;*;;
2.22.003.014.000;;;;2821;Cheque Diferido HSBC No corrientes;Deudor;Si;Corrientes;Casa Central;;*;;
2.22.003.015.000;;;;2822;Cheques Diferidos Bco. Patagonia Suc. Resistencia No corrien;Deudor;Si;Corrientes;Casa Central;;*;;
2.22.003.016.000;;;;2823;Intereses Pasivos a Devengar No corrientes;Deudor;Si;Corrientes;Casa Central;;*;;
;;;;;;;;;;;;;
RUBRO:;;;223;DEUDAS FINANCIERAS NO CORRIENTES;;;;;;;;;
;;;;;;;;;;;;;
CTA.MADRE:;;2.23.001;;;DEUDAS BANCARIAS NO CORRIENTES;;;;;;;;
2.23.001.001.000;;»;;2824;Deudas Nuevo Banco Santa Fe No Corrientes;Deudor;No;Corrientes;Casa Central;;*;;
2.23.001.001.001;;;;2102;Adelantos en Cta. Cte. Nuevo Banco de Santa Fe No corrientes;Deudor;Si;Corrientes;Casa Central;;*;;
2.23.001.001.002;;;;2203;Intereses Adelantos en Cta. Cte. Nuevo Banco de Santa Fe No;Deudor;Si;Corrientes;Casa Central;;*;;
;;;;;;;;;;;;;
;;;;;;;;;;Página;10;de;17
Ref. Contable;;;Cód.Corto;;D E N O M I N A C I O N;Saldo;Mov.;Clasificación;Sucursal;;Centro Costo;;
2.23.001.002.000;;»;;2104;Deudas Nuevo Banco Macro No Corrientes;Deudor;No;Corrientes;Casa Central;;*;;
2.23.001.002.001;;;;2205;Adelantos en Cta. Cte. Macro No corrientes;Deudor;Si;Corrientes;Casa Central;;*;;
2.23.001.002.002;;;;2106;Intereses Adelantos en Cta. Cte. Macro No corrientes;Deudor;Si;Corrientes;Casa Central;;*;;
2.23.001.003.000;;»;;2207;Deudas Banco de la Nación Argentina No Corrientes;Deudor;No;Corrientes;Casa Central;;*;;
2.23.001.003.001;;;;2108;Adelantos en Cta.Cte. BNA No corrientes;Deudor;Si;Corrientes;Casa Central;;*;;
2.23.001.003.002;;;;2209;Intereses Adelantos en Cta. Cte. BNA No corrientes;Deudor;Si;Corrientes;Casa Central;;*;;
2.23.001.004.000;;»;;2110;Deudas Banco Credocoop No Corrientes;Deudor;No;Corrientes;Casa Central;;*;;
2.23.001.004.001;;;;2211;Adelantos en Cta. Cte. Credicoop No corrientes;Deudor;Si;Corrientes;Casa Central;;*;;
2.23.001.004.002;;;;2112;Intereses Adelantos en Cta. Cte. Credicoop No corrientes;Deudor;Si;Corrientes;Casa Central;;*;;
2.23.001.005.000;;»;;2213;Deudas Nuevo Banco Supervielle No Corrientes;Deudor;No;Corrientes;Casa Central;;*;;
2.23.001.005.001;;;;2114;Adelantos en Cta. Cte. Supervielle No corrientes;Deudor;Si;Corrientes;Casa Central;;*;;
2.23.001.005.002;;;;2215;Intereses Adelantos en Cta. Cte. Supervielle No corrientes;Deudor;Si;Corrientes;Casa Central;;*;;
2.23.001.006.000;;»;;2116;Deudas BancoICBC No Corrientes;Deudor;No;Corrientes;Casa Central;;*;;
2.23.001.006.001;;;;2217;Adelantos en Cta. Cte.ICBC No corrientes;Deudor;Si;Corrientes;Casa Central;;*;;
2.23.001.006.002;;;;2118;Intereses adelantos en Cta. Cte. ICBC No corrientes;Deudor;Si;Corrientes;Casa Central;;*;;
2.23.001.007.000;;»;;2219;Deudas Banco Galicia No Corrientes;Deudor;No;Corrientes;Casa Central;;*;;
2.23.001.007.001;;;;2120;Adelantos en Cta. Cte. Galicia No corrientes;Deudor;Si;Corrientes;Casa Central;;*;;
2.23.001.008.000;;»;;2221;Deudas Banco Hipotecario No Corrientes;Deudor;No;Corrientes;Casa Central;;*;;
2.23.001.008.001;;;;2122;Adelantos en Cta. Cte. Hipotecario No corrientes;Deudor;Si;Corrientes;Casa Central;;*;;
2.23.001.008.002;;;;2223;Intereses adelantos en Cta. Cte. Hipotecario No corrientes;Deudor;Si;Corrientes;Casa Central;;*;;
;;;;;;;;;;;;;
CTA.MADRE:;;2.23.002;;;PRESTAMOS BANCARIOS NO CORRIENTES;;;;;;;;
2.23.002.001.000;;»;;2847;PRESTAMOS PRENDARIOS NO CORRIENTES;Deudor;No;Corrientes;Casa Central;;*;;
2.23.002.001.001;;;;2126;Préstamos Prendatios No corrientes;Deudor;Si;Corrientes;Casa Central;;*;;
2.23.002.001.002;;;;2127;Intereses Prétamos Prendarios a Devengar No corrientes;Deudor;Si;Corrientes;Casa Central;;*;;
2.23.002.003.000;;»;;2299;PRESTAMOS HIPOTECARIOS NO CORRIENTES;Deudor;No;Corrientes;Casa Central;;*;;
2.23.002.003.001;;;;2128;Acreedores Hipotecarios;Deudor;Si;Corrientes;Casa Central;;*;;
2.23.002.003.002;;;;2229;Intereses Prétamos Hipotecarios a Devengar;Deudor;Si;Corrientes;Casa Central;;*;;
2.23.002.004.000;;»;;2130;PRESTAMOS EN MONEDA LOCAL NO CORRIENTES;Deudor;No;Corrientes;Casa Central;;*;;
2.23.002.004.001;;;;2231;Préstamos en ML Nuevo Banco Santa Fe No corrientes;Deudor;Si;Corrientes;Casa Central;;*;;
2.23.002.004.002;;;;2132;Intereses a Devengar  ML Nuevo Banco Santa Fe No corrientes;Deudor;Si;Corrientes;Casa Central;;*;;
2.23.002.004.003;;;;2233;Préstamos en ML Macro No corrientes;Deudor;Si;Corrientes;Casa Central;;*;;
2.23.002.004.004;;;;2134;Intereses a Devengar  ML Macro No corrientes;Deudor;Si;Corrientes;Casa Central;;*;;
2.23.002.004.005;;;;2235;Préstamos en ML BNA - Suc. Avda. No corrientes;Deudor;Si;Corrientes;Casa Central;;*;;
2.23.002.004.006;;;;2136;Intereses a Devengar  ML BNA - Suc. Avda. No corrientes;Deudor;Si;Corrientes;Casa Central;;*;;
2.23.002.004.007;;;;2237;Préstamos en ML Credicoop No corrientes;Deudor;Si;Corrientes;Casa Central;;*;;
2.23.002.004.008;;;;2138;Intereses a Devengar  ML  Credicoop No corrientes;Deudor;Si;Corrientes;Casa Central;;*;;
2.23.002.004.009;;;;2239;Préstamos en ML ICBC No corrientes;Deudor;Si;Corrientes;Casa Central;;*;;
2.23.002.004.010;;;;2140;Intereses a Devengar  ML  ICBC  No corrientes;Deudor;Si;Corrientes;Casa Central;;*;;
2.23.002.004.011;;;;2241;Préstamos en ML Galicia No corrientes;Deudor;Si;Corrientes;Casa Central;;*;;
2.23.002.004.012;;;;2142;Intereses a Devengar  ML  Galicia No corrientes;Deudor;Si;Corrientes;Casa Central;;*;;
2.23.002.004.013;;;;2243;Préstamos en ML Patagonia No corrientes;Deudor;Si;Corrientes;Casa Central;;*;;
2.23.002.004.014;;;;2144;Intereses a Devengar  ML  Patagonia No corrientes;Deudor;Si;Corrientes;Casa Central;;*;;
2.23.002.004.015;;;;2245;Otros Préstamos en ML No corrientes;Deudor;Si;Corrientes;Casa Central;;*;;
2.23.002.004.016;;;;2146;Intereses a Devengar Otros Préstamos en ML No corrientes;Deudor;Si;Corrientes;Casa Central;;*;;
2.23.002.005.000;;»;;2247;PRESTAMOS EN MONEDA EXTRANJERA NO CORRIENTES;Deudor;No;Corrientes;Casa Central;;*;;
2.23.002.005.001;;;;2148;Préstamos en ME Supervielle No corrientes;Deudor;Si;Corrientes;Casa Central;;*;;
2.23.002.005.002;;;;2249;Intereses a Devengar  ME Supervielle No corrientes;Deudor;Si;Corrientes;Casa Central;;*;;
2.23.002.005.003;;;;2150;Préstamos en ME Galicia No corrientes;Deudor;Si;Corrientes;Casa Central;;*;;
2.23.002.005.004;;;;2251;Intereses a Devengar  ME Galicia No corrientes;Deudor;Si;Corrientes;Casa Central;;*;;
2.23.002.006.000;;»;;2152;PRESTAMOS DE COMERCIO EXTERIOR NO CORRIENTES;Deudor;No;Corrientes;Casa Central;;*;;
2.23.002.006.001;;;;2253;Préstamos de Comercio Exterior Macro No corrientes;Deudor;Si;Corrientes;Casa Central;;*;;
2.23.002.006.002;;;;2154;Intereses a Devengar  Prést. Comercio Ext. Macro No corrient;Deudor;Si;Corrientes;Casa Central;;*;;
2.23.002.006.003;;;;2255;Préstamos de Comercio Exterior Galicia No corrientes;Deudor;Si;Corrientes;Casa Central;;*;;
2.23.002.006.004;;;;2156;Intereses a Devengar  Prést. Comercio Ext.Galicia No corrien;Deudor;Si;Corrientes;Casa Central;;*;;
2.23.002.006.005;;;;2257;Préstamos de Comercio Exterior Santa Fe No corrientes;Deudor;Si;Corrientes;Casa Central;;*;;
2.23.002.006.006;;;;2158;Intereses a Devengar  Prést. Comercio Ext. Santa Fe No corri;Deudor;Si;Corrientes;Casa Central;;*;;
2.23.002.006.007;;;;2259;Préstamos de Comercio Exterior ICBC No corrientes;Deudor;Si;Corrientes;Casa Central;;*;;
2.23.002.006.008;;;;2160;Intereses a Devengar  Prést. Comercio Ext. ICBC No;Deudor;Si;Corrientes;Casa Central;;*;;
2.23.002.006.009;;;;2261;Préstamos de Comercio Exterior Finansur No corrientes;Deudor;Si;Corrientes;Casa Central;;*;;
2.23.002.006.010;;;;2162;Intereses a Devengar  Prést. Comercio Ext. Finansur No corri;Deudor;Si;Corrientes;Casa Central;;*;;
2.23.002.006.011;;;;2263;Préstamos de Comercio Exterior Itaú No corrientes;Deudor;Si;Corrientes;Casa Central;;*;;
2.23.002.006.012;;;;2164;Intereses a Devengar  Prést. Comercio Ext. Itaú No corriente;Deudor;Si;Corrientes;Casa Central;;*;;
2.23.002.006.013;;;;2265;Préstamos de Comercio Exterior Patagonia No corrientes;Deudor;Si;Corrientes;Casa Central;;*;;
2.23.002.006.014;;;;2166;Intereses a Devengar  Prést. Comercio Ext. Patagonia No corr;Deudor;Si;Corrientes;Casa Central;;*;;
2.23.002.006.015;;;;2267;Préstamos de Comercio Exterior Supervielle No corrientes;Deudor;Si;Corrientes;Casa Central;;*;;
2.23.002.006.016;;;;2168;Intereses a Devengar  Prést. Comercio Ext.  Supervielle No c;Deudor;Si;Corrientes;Casa Central;;*;;
;;;;;;;;;;;;;
;;;;;;;;;;Página;11;de;17
Ref. Contable;;;Cód.Corto;;D E N O M I N A C I O N;Saldo;Mov.;Clasificación;Sucursal;;Centro Costo;;
2.23.002.006.017;;;;2269;Préstamos de Comercio Exterior Hipotecario No corrientes;Deudor;Si;Corrientes;Casa Central;;*;;
2.23.002.006.018;;;;2170;Intereses a Devengar  Prést. Comercio Ext.  Hipotecario No c;Deudor;Si;Corrientes;Casa Central;;*;;
2.23.002.006.019;;;;2271;Préstamos de Comercio Exterior HSBC No corrientes;Deudor;Si;Corrientes;Casa Central;;*;;
2.23.002.006.020;;;;2172;Intereses a Devengar  Prést. Comercio Ext.  HSBC No corrient;Deudor;Si;Corrientes;Casa Central;;*;;
2.23.002.006.021;;;;2273;Préstamos de Comercio Exterior BNA No corrientes;Deudor;Si;Corrientes;Casa Central;;*;;
2.23.002.006.022;;;;2174;Intereses a Devengar  Prést. Comercio Ext.  BNA No corriente;Deudor;Si;Corrientes;Casa Central;;*;;
2.23.002.007.000;;»;;2275;OTRAS DEUDAS FINANCIERAS EN MONEDA LOCAL NO CORRIENTES;Deudor;No;Corrientes;Casa Central;;*;;
2.23.002.007.001;;;;2176;Deudas Fiduciarias ML No corrientes;Deudor;Si;Corrientes;Casa Central;;*;;
2.23.002.007.002;;;;2277;Otros Préstamos en ML No corrientes;Deudor;Si;Corrientes;Casa Central;;*;;
2.23.002.007.003;;;;2178;John Deere Credit ML No corrientes;Deudor;Si;Corrientes;Casa Central;;*;;
2.23.002.008.000;;»;;2279;OTRAS DEUDAS FINANCIERAS EN MONEDA EXTRANJERA NO CORRIENTES;Deudor;No;Corrientes;Casa Central;;*;;
2.23.002.008.001;;;;2180;Deudas Fiduciarias ME No corrientes;Deudor;Si;Corrientes;Casa Central;;*;;
2.23.002.008.002;;;;2281;Otros Préstamos en ME No corrientes;Deudor;Si;Corrientes;Casa Central;;*;;
2.23.002.008.003;;;;2182;John Deere Credit ME No corrientes;Deudor;Si;Corrientes;Casa Central;;*;;
2.23.002.009.000;;»;;2283;OBLIGACIONES A PAGAR LEASING NO CORRIENTES;Deudor;No;Corrientes;Casa Central;;*;;
2.23.002.009.001;;;;2184;Obligaciones a  Pagar Leading Banco Macro No corrientes;Deudor;Si;Corrientes;Casa Central;;*;;
2.23.002.009.002;;;;2285;Intereses a Devengar Leasing Banco Macro No corrientes;Deudor;Si;Corrientes;Casa Central;;*;;
2.23.002.009.003;;;;2186;Obligaciones a  Pagar Leading Banco Galicia No corrientes;Deudor;Si;Corrientes;Casa Central;;*;;
2.23.002.009.004;;;;2287;Intereses a Devengar Leasing Banco Galicia No corrientes;Deudor;Si;Corrientes;Casa Central;;*;;
2.23.002.009.005;;;;2188;Obligaciones a  Pagar Leading Banco Santa Fe No corrientes;Deudor;Si;Corrientes;Casa Central;;*;;
2.23.002.009.006;;;;2289;Intereses a Devengar Leasing Banco Santa Fe No corrientes;Deudor;Si;Corrientes;Casa Central;;*;;
2.23.002.009.007;;;;2190;Obligaciones a  Pagar Leading Mercedes Benz No corrientes;Deudor;Si;Corrientes;Casa Central;;*;;
2.23.002.009.008;;;;2291;Intereses a Devengar Leasing Mercedes Benz No corrientes;Deudor;Si;Corrientes;Casa Central;;*;;
2.23.002.009.009;;;;2192;Obligaciones a  Pagar Leading CGM No corrientes;Deudor;Si;Corrientes;Casa Central;;*;;
2.23.002.009.010;;;;2293;Intereses a Devengar Leasing CGM No corrientes;Deudor;Si;Corrientes;Casa Central;;*;;
2.23.002.009.011;;;;2194;Obligaciones a  Pagar Leading HSBC No corrientes;Deudor;Si;Corrientes;Casa Central;;*;;
2.23.002.009.012;;;;2295;Intereses a Devengar Leasing HSBC No corrientes;Deudor;Si;Corrientes;Casa Central;;*;;
;;;;;;;;;;;;;
RUBRO:;;;228;OTROS PASIVOS NO CORRIENTES;;;;;;;;;
;;;;;;;;;;;;;
CTA.MADRE:;;2.28.001;;;ANTICIPOS NO CORRIENTES;;;;;;;;
2.28.001.001.000;;;;2708;Anticipos de Clientes  No corrientes;Deudor;Si;Corrientes;Casa Central;;*;;
2.28.001.002.000;;;;2709;Alquileres Pagados por Adelantado  No corrientes;Deudor;Si;Corrientes;Casa Central;;*;;
2.28.001.003.000;;;;2703;Anticipos por Venta de Inmuebles  No corrientes;Deudor;Si;Corrientes;Casa Central;;*;;
2.28.001.004.000;;;;2711;Otros Anticipos  No corrientes;Deudor;Si;Corrientes;Casa Central;;*;;
;;;;;;;;;;;;;
CTA.MADRE:;;2.28.002;;;OTROS PASIVOS NO CORRIENTES;;;;;;;;
2.28.002.001.000;;;;2706;DEPOSITO EN GARANTIA DIRECTORES;Deudor;Si;Corrientes;Casa Central;;*;;
2.28.002.002.000;;;;2713;Dividendos a Pagar  No corrientes;Deudor;Si;Corrientes;Casa Central;;*;;
;;;;;;;;;;;;;
CAPITULO:;;;3;PATRIMONIO NETO;;;;;;;;;
;;;;;;;;;;;;;
RUBRO:;;;301;PATRIMONIO NETO;;;;;;;;;
;;;;;;;;;;;;;
CTA.MADRE:;;3.01.001;;;APORTES AL CAPITAL;;;;;;;;
3.01.001.001.000;;;;3001;Capital;Deudor;Si;Corrientes;Casa Central;;*;;
3.01.001.002.000;;;;3002;Aportes no Capitalizados;Deudor;Si;Corrientes;Casa Central;;*;;
3.01.001.002.001;;;;3003;Primas de Emisión;Deudor;Si;Corrientes;Casa Central;;*;;
3.01.001.002.002;;;;3004;Dividendos a Distribuir en Acciones;Deudor;Si;Corrientes;Casa Central;;*;;
3.01.001.002.003;;;;3005;Aportes Irrevocables a Cta. de Futuras Susc.de Acc;Deudor;Si;Corrientes;Casa Central;;*;;
3.01.001.003.000;;;;3006;Ajustes al Capital;Deudor;Si;Corrientes;Casa Central;;*;;
;;;;;;;;;;;;;
RUBRO:;;;302;GANANCIAS RESERVADAS;;;;;;;;;
;;;;;;;;;;;;;
CTA.MADRE:;;3.02.001;;;GANANCIAS RESERVADAS;;;;;;;;
3.02.001.001.000;;;;3007;Reserva Legal;Deudor;Si;Corrientes;Casa Central;;*;;
;;;;;;;;;;;;;
RUBRO:;;;303;RESULTADOS NO ASIGNADOS;;;;;;;;;
;;;;;;;;;;;;;
CTA.MADRE:;;3.03.001;;;RESULTADOS NO ASIGNADOS;;;;;;;;
3.03.001.002.000;;;;3009;Resultado de Ejercicios Anteriores;Deudor;Si;Corrientes;Casa Central;;*;;
3.03.001.003.000;;;;3010;Resultado por Exposición a la Inflación;Deudor;Si;Corrientes;Casa Central;;*;;
3.03.001.004.000;;;;3012;Ajuste Resultados Ejercicios Anteriores;Acreedor;Si;Corrientes;Casa Central;;MOVIL 2 - EQI 920;;
;;;;;;;;;;;;;
RUBRO:;;;304;RESULTADO DEL EJERCICIO;;;;;;;;;
;;;;;;;;;;;;;
CTA.MADRE:;;3.04.001;;;RESULTADO DEL EJERCICIO;;;;;;;;
3.04.001.001.000;;;;3011;Resultado del Ejercicio;Deudor;Si;Corrientes;Casa Central;;*;;
;;;;;;;;;;;;;
;;;;;;;;;;Página;12;de;17
Ref. Contable;;;Cód.Corto;;D E N O M I N A C I O N;Saldo;Mov.;Clasificación;Sucursal;;Centro Costo;;
;;;;;;;;;;;;;
CAPITULO:;;;4;INGRESOS;;;;;;;;;
;;;;;;;;;;;;;
RUBRO:;;;401;INGRESOS;;;;;;;;;
;;;;;;;;;;;;;
CTA.MADRE:;;4.01.001;;;RESULTADOS OPERATIVOS;;;;;;;;
4.01.001.001.000;;»;;4001;SERVICIOS PRESTADOS;Deudor;No;Corrientes;Casa Central;;*;;
4.01.001.001.001;;»;;4002;Servicios de Flete 1;Deudor;No;Corrientes;Casa Central;;*;;
4.01.001.001.002;;;;4003;Servicios de Flete 2;Deudor;Si;Corrientes;Casa Central;;*;;
4.01.001.001.003;;;;4004;Servicios de Flete 3;Deudor;Si;Corrientes;Casa Central;;*;;
4.01.001.001.004;;;;4005;Servicios de Flete 4;Deudor;Si;Corrientes;Casa Central;;*;;
4.01.001.001.005;;;;4006;Servicios de Flete 5;Deudor;Si;Corrientes;Casa Central;;*;;
4.01.001.001.006;;;;4007;Servicios de Flete 6;Deudor;Si;Corrientes;Casa Central;;*;;
4.01.001.001.007;;;;4008;Servicios de Flete 7;Deudor;Si;Corrientes;Casa Central;;*;;
4.01.001.001.008;;;;4009;Servicios de Flete 8;Deudor;Si;Corrientes;Casa Central;;*;;
4.01.001.001.009;;;;4010;Servicios de Flete 9;Deudor;Si;Corrientes;Casa Central;;*;;
4.01.001.001.010;;;;4062;Servicios de Flete 10;Acreedor;Si;Corrientes;Casa Central;;*;;
4.01.001.002.000;;»;;4011;Servicios de Flete 11;Deudor;No;Corrientes;Casa Central;;*;;
4.01.001.002.001;;;;4012;Servicios de Flete 12;Deudor;Si;Corrientes;Casa Central;;*;;
4.01.001.007.000;;»;;4061;SERVICIOS DE GERENCIAMIENTO;Deudor;No;Corrientes;Casa Central;;*;;
4.01.001.007.001;;;;4060;Servicios de Gerenciamiento;Deudor;Si;Corrientes;Casa Central;;*;;
4.01.001.008.000;;»;;4038;ALQUILERES;Deudor;No;Corrientes;Casa Central;;*;;
4.01.001.008.001;;;;4039;Alquileres;Deudor;Si;Corrientes;Casa Central;;*;;
4.01.001.009.000;;»;;4040;RESULTADOS FINANCIEROS Y POR TENENCIA;Deudor;No;Corrientes;Casa Central;;*;;
4.01.001.009.001;;;;4041;Intereses Ganados;Deudor;Si;Corrientes;Casa Central;;*;;
4.01.001.009.002;;;;4042;intereses Títulos Privados;Deudor;Si;Corrientes;Casa Central;;*;;
4.01.001.009.003;;;;4043;Intereses Valores de Deuda Fiduciaria;Deudor;Si;Corrientes;Casa Central;;*;;
4.01.001.010.000;;»;;4044;OTROS RESULTADOS FINANCIEROS Y POR TENENCIA;Deudor;No;Corrientes;Casa Central;;*;;
4.01.001.010.001;;;;4045;Resultados Margenes MATBA;Deudor;Si;Corrientes;Casa Central;;*;;
4.01.001.010.002;;;;4046;Recupero de Gastos;Deudor;Si;Corrientes;Casa Central;;*;;
4.01.001.010.003;;;;4047;Descuentos Obtenidos;Deudor;Si;Corrientes;Casa Central;;*;;
4.01.001.010.004;;;;4048;Diferencia de Cambio;Deudor;Si;Corrientes;Casa Central;;*;;
4.01.001.010.005;;;;4049;Resultado Participación ;Deudor;Si;Corrientes;Casa Central;;*;;
4.01.001.011.000;;»;;4052;RESULTADOS POR TENENCIA;Deudor;No;Corrientes;Casa Central;;*;;
4.01.001.011.001;;;;4053;Resultados por Tenencia ;Deudor;Si;Corrientes;Casa Central;;*;;
4.01.001.011.002;;;;4054;Resultados por Tenencia Bienes en Existencia;Deudor;Si;Corrientes;Casa Central;;*;;
;;;;;;;;;;;;;
CTA.MADRE:;;4.01.002;;;RESULTADOS NO OPERATIVOS;;;;;;;;
4.01.002.001.000;;;;4055;Recupero de Gastos;Deudor;Si;Corrientes;Casa Central;;*;;
4.01.002.002.000;;;;4056;Resultado Venta Bienes de Uso;Deudor;Si;Corrientes;Casa Central;;*;;
4.01.002.003.000;;;;4057;Otros Ingresos Varios;Deudor;Si;Corrientes;Casa Central;;*;;
4.01.002.004.000;;;;4058;Reintegros Varios;Deudor;Si;Corrientes;Casa Central;;*;;
4.01.002.005.000;;;;4063;INGRESOS CERA;Acreedor;Si;Corrientes;Casa Central;;MOVIL 2 - EQI 920;;
;;;;;;;;;;;;;
CTA.MADRE:;;4.01.002;;;RESULTADOS NO OPERATIVOS;;;;;;;;
4.01.002.001.000;;;;4055;Recupero de Gastos;Deudor;Si;Corrientes;Casa Central;;*;;
4.01.002.002.000;;;;4056;Resultado Venta Bienes de Uso;Deudor;Si;Corrientes;Casa Central;;*;;
4.01.002.003.000;;;;4057;Otros Ingresos Varios;Deudor;Si;Corrientes;Casa Central;;*;;
4.01.002.004.000;;;;4058;Reintegros Varios;Deudor;Si;Corrientes;Casa Central;;*;;
4.01.002.005.000;;;;4063;INGRESOS CERA;Acreedor;Si;Corrientes;Casa Central;;MOVIL 2 - EQI 920;;
;;;;;;;;;;;;;
;;;;;;;;;;Página;13;de;17
Ref. Contable;;;Cód.Corto;;D E N O M I N A C I O N;Saldo;Mov.;Clasificación;Sucursal;;Centro Costo;;
;;;;;;;;;;;;;
Ref. Contable;;;Cód.Corto;;D E N O M I N A C I O N;Saldo;Mov.;Clasificación;Sucursal;;Centro Costo;;
;;;;;;;;;;;;;
CAPITULO:;;;5;EGRESOS;;;;;;;;;
;;;;;;;;;;;;;
RUBRO:;;;501;EGRESOS OPERATIVOS;;;;;;;;;
;;;;;;;;;;;;;
CTA.MADRE:;;5.01.001;;;COSTOS OPERATIVOS;;;;;;;;
5.01.001.001.000;;»;;5001;COSTOS DE PRODUCCION;Deudor;No;Corrientes;Casa Central;;*;;
5.01.001.001.001;;;;5002;Combustibles;Deudor;Si;Corrientes;Casa Central;;*;;
5.01.001.001.002;;;;5003;Aceites y Lubricantes;Deudor;Si;Corrientes;Casa Central;;*;;
5.01.001.001.003;;;;5004;Gas a Granel;Deudor;Si;Corrientes;Casa Central;;*;;
5.01.001.001.004;;;;5005;Servicios de Flete de Cereal prestado por Terceros;Deudor;Si;Corrientes;Casa Central;;*;;
5.01.001.001.005;;;;5006;Servicios de Flete de Insumos prestado por Terceros;Deudor;Si;Corrientes;Casa Central;;*;;
5.01.001.001.006;;;;5007;Peajes;Deudor;Si;Corrientes;Casa Central;;*;;
5.01.001.001.014;;;;5015;Honorarios Ingenieros Agrónomos;Deudor;Si;Corrientes;Casa Central;;*;;
5.01.001.002.000;;»;;5016;SEGUROS PRODUCCION;Deudor;No;Corrientes;Casa Central;;*;;
5.01.001.002.001;;;;5017;Seguros ;Deudor;Si;Corrientes;Casa Central;;*;;
5.01.001.002.002;;;;5018;Seguros Personas;Deudor;Si;Corrientes;Casa Central;;*;;
5.01.001.002.003;;;;5019;Seguros Aeronave;Deudor;Si;Corrientes;Casa Central;;*;;
5.01.001.002.004;;;;5644;Otros Seguros Producción;Deudor;Si;Corrientes;Casa Central;;*;;
5.01.001.002.005;;;;5663;Seguros Rodados en General;Deudor;Si;Corrientes;Casa Central;;*;;
5.01.001.002.006;;;;5664;Seguros Pick Up;Deudor;Si;Corrientes;Casa Central;;*;;
5.01.001.003.000;;»;;5020;SUELDOS Y CARGAS SOCIALES ;Deudor;No;Corrientes;Casa Central;;*;;
5.01.001.003.001;;;;5021;Sueldos y Jornales;Deudor;Si;Corrientes;Casa Central;;*;;
5.01.001.003.002;;;;5022;SAC ;Deudor;Si;Corrientes;Casa Central;;*;;
5.01.001.003.003;;;;5023;Vacaciones ;Deudor;Si;Corrientes;Casa Central;;*;;
5.01.001.003.004;;;;5024;Premios;Deudor;Si;Corrientes;Casa Central;;*;;
5.01.001.003.005;;;;5025;Indemnización ;Deudor;Si;Corrientes;Casa Central;;*;;
5.01.001.003.006;;;;5026;Aportes y Contribuciones ;Deudor;Si;Corrientes;Casa Central;;*;;
5.01.001.003.007;;;;5027;SINDICATOS;Deudor;Si;Corrientes;Casa Central;;*;;
5.01.001.003.008;;;;5028;Depósitos Judiciales;Deudor;Si;Corrientes;Casa Central;;*;;
5.01.001.003.009;;;;5029;Ropa de Trabajo;Deudor;Si;Corrientes;Casa Central;;*;;
5.01.001.003.010;;;;5030;Gastos de Movilidad y Viáticos;Deudor;Si;Corrientes;Casa Central;;*;;
5.01.001.003.011;;;;5031;Capacitación ;Deudor;Si;Corrientes;Casa Central;;*;;
5.01.001.003.012;;;;5032;Gastos de Enfermería y Farmacia;Deudor;Si;Corrientes;Casa Central;;*;;
5.01.001.003.013;;;;5033;Gastos de Selección de Personal;Deudor;Si;Corrientes;Casa Central;;*;;
5.01.001.003.014;;;;5649;Fondo de Reparación Social;Deudor;Si;Corrientes;Casa Central;;*;;
5.01.001.005.000;;»;;5040;OTROS GASTOS OPERATIVOS;Deudor;No;Corrientes;Casa Central;;*;;
5.01.001.005.001;;;;5041;Enerigía Electrica;Deudor;Si;Corrientes;Casa Central;;*;;
5.01.001.005.002;;;;5042;Teléfono ;Deudor;Si;Corrientes;Casa Central;;*;;
5.01.001.005.003;;;;5043;Internet;Deudor;Si;Corrientes;Casa Central;;*;;
5.01.001.005.004;;;;5044;Mantenimiento y Reparaciones Inmuebles ;Deudor;Si;Corrientes;Casa Central;;*;;
5.01.001.005.005;;;;5045;Pérdida por Robo;Deudor;Si;Corrientes;Casa Central;;*;;
5.01.001.005.006;;;;5046;Gastos No Deducibles;Deudor;Si;Corrientes;Casa Central;;*;;
5.01.001.005.007;;;;5047;Otros Gastos ;Deudor;Si;Corrientes;Casa Central;;*;;
5.01.001.006.000;;;;5643;Atención al Personal;Deudor;Si;Corrientes;Casa Central;;*;;
5.01.001.007.000;;;;5645;Gastos de Cubiertas;Deudor;Si;Corrientes;Casa Central;;*;;
5.01.001.008.000;;;;5648;Alquileres;Deudor;Si;Corrientes;Casa Central;;*;;
5.01.001.009.000;;;;5656;Otros Insumos ;Deudor;Si;Corrientes;Casa Central;;*;;
5.01.001.010.000;;;;5666;Donaciones;Deudor;Si;Corrientes;Casa Central;;MOVIL 2 - EQI 920;;
5.01.001.011.000;;;;5668;Costo Operativo;Deudor;Si;Corrientes;Casa Central;;MOVIL 2 - EQI 920;;
;;;;;;;;;;;;;
CTA.MADRE:;;5.01.002;;;GASTOS DE COMERCIALIZACION;;;;;;;;
5.01.002.001.000;;»;;5048;GASTOS DE COMERCIALIZACION;Deudor;No;Corrientes;Casa Central;;*;;
5.01.002.001.001;;;;5049;Comisiones;Deudor;Si;Corrientes;Casa Central;;*;;
5.01.002.001.002;;;;5050;Gastos Guías  ;Deudor;Si;Corrientes;Casa Central;;*;;
5.01.002.001.003;;;;5051;Gastos Guías;Deudor;Si;Corrientes;Casa Central;;*;;
5.01.002.001.004;;;;5052;Almacenaje;Deudor;Si;Corrientes;Casa Central;;*;;
;;;;;;;;;;;;;
;;;;;;;;;;Página;14;de;17
Ref. Contable;;;Cód.Corto;;D E N O M I N A C I O N;Saldo;Mov.;Clasificación;Sucursal;;Centro Costo;;
5.01.002.001.013;;;;5061;Sellados;Deudor;Si;Corrientes;Casa Central;;*;;
5.01.002.002.000;;»;;5062;OTROS GASTOS DE COMERCIALIZACION;Deudor;No;Corrientes;Casa Central;;*;;
5.01.002.002.001;;;;5063;Otros Gastos de Comercialización;Deudor;Si;Corrientes;Casa Central;;*;;
5.01.002.002.002;;;;5064;Quebrantos por Deudores Incobrables;Deudor;Si;Corrientes;Casa Central;;*;;
5.01.002.002.003;;;;5065;Bonificaciones Otorgadas;Deudor;Si;Corrientes;Casa Central;;*;;
5.01.002.002.004;;;;5066;Descuentos Otorgados;Deudor;Si;Corrientes;Casa Central;;*;;
5.01.002.003.000;;»;;5067;SUELDOS Y CARGAS SOCIALES COMERCIALIZACION;Deudor;No;Corrientes;Casa Central;;*;;
5.01.002.003.001;;;;5068;Sueldos y Jornales Comercialización;Deudor;Si;Corrientes;Casa Central;;*;;
5.01.002.003.002;;;;5069;SAC Comercialización;Deudor;Si;Corrientes;Casa Central;;*;;
5.01.002.003.003;;;;5070;Vacaciones Comercialización;Deudor;Si;Corrientes;Casa Central;;*;;
5.01.002.003.004;;;;5071;Premios Comercialización;Deudor;Si;Corrientes;Casa Central;;*;;
5.01.002.003.005;;;;5072;Indemnización Comercialización;Deudor;Si;Corrientes;Casa Central;;*;;
5.01.002.003.006;;;;5073;Aportes y Contribuciones Comercialización;Deudor;Si;Corrientes;Casa Central;;*;;
5.01.002.003.007;;;;5074;Depósitos Judiciales Comercialización;Deudor;Si;Corrientes;Casa Central;;*;;
5.01.002.003.008;;;;5075;Ropa de Trabajo Comercialización;Deudor;Si;Corrientes;Casa Central;;*;;
5.01.002.003.009;;;;5076;Gastos de Movilidad y Viáticos de Comercialización;Deudor;Si;Corrientes;Casa Central;;*;;
5.01.002.003.010;;;;5077;Capacitación Comercialización;Deudor;Si;Corrientes;Casa Central;;*;;
5.01.002.003.011;;;;5078;Gastos de Enfermería y Farmacia  Comercialización;Deudor;Si;Corrientes;Casa Central;;*;;
5.01.002.003.012;;;;5079;Gastos de Selección de Personal Comercialización;Deudor;Si;Corrientes;Casa Central;;*;;
5.01.002.003.013;;;;5080;Gastos Guías;Deudor;Si;Corrientes;Casa Central;;*;;
5.01.002.004.000;;;;5646;Faltante de Mercadería (Flete);Deudor;Si;Corrientes;Casa Central;;*;;
5.01.002.005.000;;;;5654;Gastos Cosecha Mecánica;Deudor;Si;Corrientes;Casa Central;;*;;
;;;;;;;;;;;;;
CTA.MADRE:;;5.01.003;;;GASTOS TRANSPORTE;;;;;;;;
5.01.003.001.000;;»;;5081;GASTOS DE TRANSPORTE;Deudor;No;Corrientes;Casa Central;;*;;
5.01.003.001.001;;;;5082;Combustibles  Transporte;Deudor;Si;Corrientes;Casa Central;;*;;
5.01.003.001.002;;;;5083;Aceites y Lubricantes Transporte;Deudor;Si;Corrientes;Casa Central;;*;;
5.01.003.001.003;;;;5084;Respuestos Transporte;Deudor;Si;Corrientes;Casa Central;;*;;
5.01.003.001.004;;;;5085;Mantenimiento Transporte;Deudor;Si;Corrientes;Casa Central;;*;;
5.01.003.001.005;;;;5086;Peajes;Deudor;Si;Corrientes;Casa Central;;*;;
5.01.003.001.006;;;;5087;Cubiertas Transporte;Deudor;Si;Corrientes;Casa Central;;*;;
5.01.003.001.007;;;;5088;Gastos de Gomería Transporte;Deudor;Si;Corrientes;Casa Central;;*;;
5.01.003.001.008;;;;5118;Revisión Técnica;Deudor;Si;Corrientes;Casa Central;;*;;
5.01.003.001.009;;;;5090;Gastos de Lavado Transporte;Deudor;Si;Corrientes;Casa Central;;*;;
5.01.003.001.010;;;;5120;Gastos Generales Transporte;Deudor;Si;Corrientes;Casa Central;;*;;
5.01.003.001.011;;;;5092;Patentes;Deudor;Si;Corrientes;Casa Central;;*;;
5.01.003.001.012;;;;5122;Multas de Transito;Deudor;Si;Corrientes;Casa Central;;*;;
5.01.003.001.013;;;;5094;Multas Carga;Deudor;Si;Corrientes;Casa Central;;*;;
5.01.003.001.014;;;;5124;Gastos de Gestorías;Deudor;Si;Corrientes;Casa Central;;*;;
5.01.003.001.015;;;;5096;Otros Gastos de Transporte;Deudor;Si;Corrientes;Casa Central;;*;;
5.01.003.002.000;;»;;5126;SUELDOS Y CARGAS SOCIALES TRANSPORTE;Deudor;No;Corrientes;Casa Central;;*;;
5.01.003.002.001;;;;5098;Sueldos y Jornales Transporte;Deudor;Si;Corrientes;Casa Central;;*;;
5.01.003.002.002;;;;5099;SAC Transporte;Deudor;Si;Corrientes;Casa Central;;*;;
5.01.003.002.003;;;;5100;Vacaciones  Transporte;Deudor;Si;Corrientes;Casa Central;;*;;
5.01.003.002.004;;;;5101;Premios Transporte;Deudor;Si;Corrientes;Casa Central;;*;;
5.01.003.002.005;;;;5102;Indemnización Transporte;Deudor;Si;Corrientes;Casa Central;;*;;
5.01.003.002.006;;;;5103;Aportes y Contribuciones Transporte;Deudor;Si;Corrientes;Casa Central;;*;;
5.01.003.002.007;;;;5104;Sindicato Camioneros;Deudor;Si;Corrientes;Casa Central;;*;;
5.01.003.002.008;;;;5105;Depósitos Judiciales Transporte;Deudor;Si;Corrientes;Casa Central;;*;;
5.01.003.002.009;;;;5106;Ropa de Trabajo Transporte;Deudor;Si;Corrientes;Casa Central;;*;;
5.01.003.002.010;;;;5107;Gastos de Movilidad y Viáticos deTransporte;Deudor;Si;Corrientes;Casa Central;;*;;
5.01.003.002.011;;;;5108;Capacitación Transporte;Deudor;Si;Corrientes;Casa Central;;*;;
5.01.003.002.012;;;;5109;Gastos de Enfermería y Farmacia  Transporte;Deudor;Si;Corrientes;Casa Central;;*;;
5.01.003.002.013;;;;5110;Psicofísico Transporte;Deudor;Si;Corrientes;Casa Central;;*;;
5.01.003.002.014;;;;5111;Cursos Transportistas;Deudor;Si;Corrientes;Casa Central;;*;;
5.01.003.002.015;;;;5112;Gastos de Selección de Personal Transporte;Deudor;Si;Corrientes;Casa Central;;*;;
5.01.003.003.000;;»;;5113;SEGUROS TRANSPORTE;Deudor;No;Corrientes;Casa Central;;*;;
5.01.003.003.001;;;;5114;Seguros de Carga Transporte;Deudor;Si;Corrientes;Casa Central;;*;;
;;;;;;;;;;;;;
;;;;;;;;;;Página;15;de;17
Ref. Contable;;;Cód.Corto;;D E N O M I N A C I O N;Saldo;Mov.;Clasificación;Sucursal;;Centro Costo;;
5.01.003.003.002;;;;5115;Seguros Camiones y Acoplados Transporte;Deudor;Si;Corrientes;Casa Central;;*;;
5.01.003.003.003;;;;5116;Seguros Personas Transporte;Deudor;Si;Corrientes;Casa Central;;*;;
5.01.003.004.000;;;;5647;Alquileres Transporte;Deudor;Si;Corrientes;Casa Central;;*;;
5.01.003.005.000;;;;5650;RUTA;Deudor;Si;Corrientes;Casa Central;;*;;
5.01.003.006.000;;;;5655;Seguros Generales Transporte;Deudor;Si;Corrientes;Casa Central;;*;;
CTA.MADRE:;;5.01.006;;;GASTOS DE ADMINISTRACION;;;;;;;;
5.01.006.000.000;;»;;5555;GASTOS ADMINISTRACION;Deudor;No;Corrientes;Casa Central;;*;;
5.01.006.000.001;;;;5556;Energía Eléctrica Administración;Deudor;Si;Corrientes;Casa Central;;*;;
5.01.006.000.002;;;;5557;Teléfono Administración;Deudor;Si;Corrientes;Casa Central;;*;;
5.01.006.000.003;;;;5558;Internet Administración;Deudor;Si;Corrientes;Casa Central;;*;;
5.01.006.000.004;;;;5559;Agua Administración;Deudor;Si;Corrientes;Casa Central;;*;;
5.01.006.000.005;;;;5560;Papelería y ütiles de Oficina Administración;Deudor;Si;Corrientes;Casa Central;;*;;
5.01.006.000.006;;;;5561;Mantenimiento Inmueble Administracón;Deudor;Si;Corrientes;Casa Central;;*;;
5.01.006.000.007;;;;5562;Gastos de Refrigerio Administración;Deudor;Si;Corrientes;Casa Central;;*;;
5.01.006.000.008;;;;5563;Limpieza Administración;Deudor;Si;Corrientes;Casa Central;;*;;
5.01.006.000.009;;;;5564;Gastos de Correo y Cadetería;Deudor;Si;Corrientes;Casa Central;;*;;
5.01.006.000.010;;;;5565;Aranceles Certificación;Deudor;Si;Corrientes;Casa Central;;*;;
5.01.006.001.000;;;;5641;Otros Gastos Administración;Deudor;Si;Corrientes;Casa Central;;*;;
5.01.006.002.000;;;;5653;Donaciones;Deudor;Si;Corrientes;Casa Central;;*;;
;;;;;;;;;;;;;
CTA.MADRE:;;5.01.007;;;HONORARIOS ADMINISTRACION;;;;;;;;
5.01.007.000.001;;;;5567;Asesoramiento Contable;Deudor;Si;Corrientes;Casa Central;;*;;
5.01.007.000.002;;;;5568;Asesoramiento Legal;Deudor;Si;Corrientes;Casa Central;;*;;
5.01.007.000.003;;;;5569;Honorarios Escribania;Deudor;Si;Corrientes;Casa Central;;*;;
5.01.007.001.000;;;;5642;Honorarios Médicos;Deudor;Si;Corrientes;Casa Central;;*;;
;;;;;;;;;;;;;
;;;;;;;;;;Página;16;de;17
Ref. Contable;;;Cód.Corto;;D E N O M I N A C I O N;Saldo;Mov.;Clasificación;Sucursal;;Centro Costo;;
;;;;;;;;;;;;;
CTA.MADRE:;;5.01.008;;;SEGUROS ADMINISTRACION;;;;;;;;
5.01.008.000.001;;;;5571;Seguros Personas;Deudor;Si;Corrientes;Casa Central;;*;;
5.01.008.000.002;;;;5572;Seguros Varios;Deudor;Si;Corrientes;Casa Central;;*;;
;;;;;;;;;;;;;
CTA.MADRE:;;5.01.009;;;SUELDOS Y CARGAS SOCIALES ADMINISTRACION;;;;;;;;
5.01.009.009.001;;;;5574;Sueldos y Jornales Administración;Deudor;Si;Corrientes;Casa Central;;*;;
5.01.009.009.002;;;;5575;SAC  Administración;Deudor;Si;Corrientes;Casa Central;;*;;
5.01.009.009.003;;;;5576;Vacaciones  Administración;Deudor;Si;Corrientes;Casa Central;;*;;
5.01.009.009.004;;;;5577;Premios  Administración;Deudor;Si;Corrientes;Casa Central;;*;;
5.01.009.009.005;;;;5578;Indemnización  Administración;Deudor;Si;Corrientes;Casa Central;;*;;
5.01.009.009.006;;;;5579;Aportes y Contribuciones Administración;Deudor;Si;Corrientes;Casa Central;;*;;
5.01.009.009.007;;;;5580;Sindicato Empleados de Comercio;Deudor;Si;Corrientes;Casa Central;;*;;
5.01.009.009.008;;;;5581;FAECYS;Deudor;Si;Corrientes;Casa Central;;*;;
5.01.009.009.009;;;;5582;INACAP;Deudor;Si;Corrientes;Casa Central;;*;;
5.01.009.009.010;;;;5583;Depósitos Judiciales Administración;Deudor;Si;Corrientes;Casa Central;;*;;
5.01.009.009.011;;;;5584;Ropa de Trabajo Administración;Deudor;Si;Corrientes;Casa Central;;*;;
5.01.009.009.012;;;;5585;Gastos de Movilidad y Viáticos de Administración;Deudor;Si;Corrientes;Casa Central;;*;;
5.01.009.009.013;;;;5586;Capacitación Administración;Deudor;Si;Corrientes;Casa Central;;*;;
5.01.009.009.014;;;;5587;Gastos de Enfermería y Farmacia  Administración;Deudor;Si;Corrientes;Casa Central;;*;;
5.01.009.009.015;;;;5588;Gastos de Selección de Personal Administración;Deudor;Si;Corrientes;Casa Central;;*;;
;;;;;;;;;;;;;
RUBRO:;;;502;OTROS EGRESOS;;;;;;;;;
;;;;;;;;;;;;;
CTA.MADRE:;;5.02.001;;;IMPUESTOS Y TASAS;;;;;;;;
5.02.001.001.000;;»;;5590;IMPUESTOS NACIONALES;Deudor;No;Corrientes;Casa Central;;*;;
5.02.001.001.001;;;;5591;Impuesto a las Ganancias;Deudor;Si;Corrientes;Casa Central;;*;;
5.02.001.001.002;;;;5592;Impuesto a la Ganancia Mínima Presunta;Deudor;Si;Corrientes;Casa Central;;*;;
5.02.001.001.003;;;;5593;Impuestos Internos;Deudor;Si;Corrientes;Casa Central;;*;;
5.02.001.001.004;;;;5594;ITC;Deudor;Si;Corrientes;Casa Central;;*;;
5.02.001.001.005;;;;5595;Impuesto a las Transferencia de Inmuebles;Deudor;Si;Corrientes;Casa Central;;*;;
5.02.001.001.006;;;;5596;Impuesto Ley 25413;Deudor;Si;Corrientes;Casa Central;;*;;
5.02.001.002.000;;»;;5597;IMPUESTOS PROVINCIALES;Deudor;No;Corrientes;Casa Central;;*;;
5.02.001.002.001;;;;5598;ISIB Santa Fe;Deudor;Si;Corrientes;Casa Central;;*;;
5.02.001.002.002;;;;5599;ISIB Chaco;Deudor;Si;Corrientes;Casa Central;;*;;
5.02.001.002.003;;;;5600;ISIB  Santiago del Estero;Deudor;Si;Corrientes;Casa Central;;*;;
5.02.001.002.004;;;;5601;ISIB Tucuman;Deudor;Si;Corrientes;Casa Central;;*;;
5.02.001.002.005;;;;5602;ISIB Buenos Aires;Deudor;Si;Corrientes;Casa Central;;*;;
5.02.001.002.006;;;;5603;ISIB  Salta;Deudor;Si;Corrientes;Casa Central;;*;;
5.02.001.002.007;;;;5604;ISIB Corrientes;Deudor;Si;Corrientes;Casa Central;;*;;
5.02.001.002.008;;;;5605;ISIB La Pampa;Deudor;Si;Corrientes;Casa Central;;*;;
5.02.001.002.009;;;;5606;ISIB Córdoba;Deudor;Si;Corrientes;Casa Central;;*;;
5.02.001.002.010;;;;5607;ISIB Formosa;Deudor;Si;Corrientes;Casa Central;;*;;
5.02.001.002.011;;;;5608;ISIB La Rioja;Deudor;Si;Corrientes;Casa Central;;*;;
5.02.001.002.012;;;;5609;Patentes Automotores;Deudor;Si;Corrientes;Casa Central;;*;;
5.02.001.002.013;;;;5610;Impuesto Inmobiliario Rural;Deudor;Si;Corrientes;Casa Central;;*;;
5.02.001.002.014;;;;5611;Impuesto Inmobiliario Urbano;Deudor;Si;Corrientes;Casa Central;;*;;
5.02.001.002.015;;;;5612;Otros impuestos Provinciales;Deudor;Si;Corrientes;Casa Central;;*;;
5.02.001.003.000;;»;;5613;IMPUESTOS MUNICIPALES;Deudor;No;Corrientes;Casa Central;;*;;
5.02.001.003.001;;;;5614;Derecho de Registro e Inspección;Deudor;Si;Corrientes;Casa Central;;*;;
5.02.001.003.002;;;;5615;Tasa General Inmueble;Deudor;Si;Corrientes;Casa Central;;*;;
5.02.001.004.000;;;;5658;Ajustes Impositivos;Deudor;Si;Corrientes;Casa Central;;*;;
5.02.001.005.000;;;;5665;Honorarios Juicios Afip;Deudor;Si;Corrientes;Casa Central;;*;;
;;;;;;;;;;;;;
CTA.MADRE:;;5.02.002;;;RESULTADOS FINANCIEROS Y POR TENENCIA;;;;;;;;
5.02.002.001.000;;»;;5617;INTERESES, COMISIONES Y GASTOS BANCARIOS;Deudor;No;Corrientes;Casa Central;;*;;
5.02.002.001.001;;;;5618;Intereses Bancarios;Deudor;Si;Corrientes;Casa Central;;*;;
5.02.002.001.002;;;;5619;Comisiones Bancarias;Deudor;Si;Corrientes;Casa Central;;*;;
5.02.002.001.003;;;;5620;Gastos por Cheques Rechazados;Deudor;Si;Corrientes;Casa Central;;*;;
5.02.002.001.004;;;;5621;Otros Gastos Bancarios;Deudor;Si;Corrientes;Casa Central;;*;;
5.02.002.002.000;;»;;5622;INTERESES PROVEEDORES;Deudor;No;Corrientes;Casa Central;;*;;
5.02.002.002.001;;;;5623;Intereses Proveedores;Deudor;Si;Corrientes;Casa Central;;*;;
5.02.002.003.000;;»;;5624;INTERESES Y MULTAS IMNPOSITIVAS;Deudor;No;Corrientes;Casa Central;;*;;
5.02.002.003.001;;;;5625;Intereses Impositivos Resarcitorios;Deudor;Si;Corrientes;Casa Central;;*;;
5.02.002.003.002;;;;5626;Intereses Impositivos Punitorios;Deudor;Si;Corrientes;Casa Central;;*;;
5.02.002.003.003;;;;5627;Multas Impositiva;Deudor;Si;Corrientes;Casa Central;;*;;
5.02.002.004.000;;»;;5628;INTERESES OPERACIONES FINANCIERAS;Deudor;No;Corrientes;Casa Central;;*;;
5.02.002.004.001;;;;5629;Intereses Prétamos Prendarios;Deudor;Si;Corrientes;Casa Central;;*;;
5.02.002.004.002;;;;5630;Intereses Prétamos Hipotecarios;Deudor;Si;Corrientes;Casa Central;;*;;
;;;;;;;;;;;;;
;;;;;;;;;;Página;17;de;17
Ref. Contable;;;Cód.Corto;;D E N O M I N A C I O N;Saldo;Mov.;Clasificación;Sucursal;;Centro Costo;;
5.02.002.004.003;;;;5631;Intereses Prétamos Moneda Local;Deudor;Si;Corrientes;Casa Central;;*;;
5.02.002.004.004;;;;5632;Intereses Prétamos Moneda Extranjera;Deudor;Si;Corrientes;Casa Central;;*;;
5.02.002.004.005;;;;5633;Intereses  Prést. Comercio Ext.;Deudor;Si;Corrientes;Casa Central;;*;;
5.02.002.004.006;;;;5634;Intereses Otros Préstamos en ML;Deudor;Si;Corrientes;Casa Central;;*;;
5.02.002.004.007;;;;5635;Intereses Otros Préstamos en ME;Deudor;Si;Corrientes;Casa Central;;*;;
5.02.002.004.008;;;;5636;Intereses Leasing;Deudor;Si;Corrientes;Casa Central;;*;;
5.02.002.005.000;;»;;5637;GASTOS VARIOS DE FINANCIACION;Deudor;No;Corrientes;Casa Central;;*;;
5.02.002.005.001;;;;5638;Otros Gastos de Financiación;Deudor;Si;Corrientes;Casa Central;;*;;
5.02.002.005.002;;;;5639;Diferencia de Precio;Deudor;Si;Corrientes;Casa Central;;*;;
5.02.002.006.000;;»;;5640;RESULTADOS FINANCIEROS O POR TENENCIA;Deudor;No;Corrientes;Casa Central;;*;;
5.02.002.006.001;;;;5117;Diferencia de Cambio;Deudor;Si;Corrientes;Casa Central;;*;;
5.02.002.006.002;;;;5089;Resultado por Exposición a la Inflación;Deudor;Si;Corrientes;Casa Central;;*;;
5.02.002.006.003;;;;5119;Resultado por Tenencia;Deudor;Si;Corrientes;Casa Central;;*;;
5.02.002.006.004;;;;5091;Otros Resultados Impositivos;Deudor;Si;Corrientes;Casa Central;;*;;
5.02.002.006.005;;;;5121;Otros Resultados Negativos;Deudor;Si;Corrientes;Casa Central;;*;;
5.02.002.006.006;;;;5651;Gastos Leasing;Deudor;Si;Corrientes;Casa Central;;*;;
;;;;;;;;;;;;;
CTA.MADRE:;;5.02.003;;;OTROS EGRESOS;;;;;;;;
5.02.003.001.000;;;;5657;Seña perdida por compra de inmueble;Deudor;Si;Corrientes;Casa Central;;*;;
5.02.003.002.000;;;;5667;Materiales de Construcción;Deudor;Si;Corrientes;Casa Central;;MOVIL 2 - EQI 920;;
;;;;;;;;;;;;;
RUBRO:;;;503;AMORTIZACIONES DEL EJERCICIO;;;;;;;;;
;;;;;;;;;;;;;
CTA.MADRE:;;5.03.001;;;AMORTIZACIONES DEL EJERCICIO;;;;;;;;
5.03.001.001.000;;;;5093;Amortizaciones Acumuladas Edificios;Deudor;Si;Corrientes;Casa Central;;*;;
5.03.001.002.000;;;;5123;Amortizaciones Acumuladas Instalaciones;Deudor;Si;Corrientes;Casa Central;;*;;
5.03.001.003.000;;;;5095;Amortizaciones Acumuladas Rodados;Deudor;Si;Corrientes;Casa Central;;*;;
5.03.001.004.000;;;;5125;Amortizaciones Maquinarias;Deudor;Si;Corrientes;Casa Central;;*;;
5.03.001.005.000;;;;5097;Amort. Acum. Muebles y Utiles;Deudor;Si;Corrientes;Casa Central;;*;;
5.03.001.006.000;;;;5659;Amortizaciones del Ejercicio Camiones y Acoplados;Deudor;Si;Corrientes;Casa Central;;*;;
5.03.001.007.000;;;;5660;Amortizaciones del Ejercicio Camiones y Acoplados en Leasing;Deudor;Si;Corrientes;Casa Central;;*;;
5.03.001.008.000;;;;5661;Amortizaciones del Ejercicio Maquinarias en Leasing;Deudor;Si;Corrientes;Casa Central;;*;;
5.03.001.009.000;;;;5662;Amortizaciones del Ejercicio Otros Bienes;Deudor;Si;Corrientes;Casa Central;;*;;
# Items:;950;;;;;;;;;;;;
;;;;;;;;;;;;;
;;;;;;;;;;;;;
;;;;;;;;;;;;;
;;;;;;;;;;;;;
;;;;;;;;;;;;;
;;;;;;;;;;;;;
;;;;;;;;;;;;;
;;;;;;;;;;;;;
;;;;;;;;;;;;;
;;;;;;;;;;;;;
;;;;;;;;;;;;;
;;;;;;;;;;;;;
;;;;;;;;;;;;;
;;;;;;;;;;;;;
;;;;;;;;;;;;;
;;;;;;;;;;;;;
;;;;;;;;;;;;;
;;;;;;;;;;;;;
;;;;;;;;;;;;;
;;;;;;;;;;;;;
;;;;;;;;;;;;;
;;;;;;;;;;;;;
;;;;;;;;;;;;;
;;;;;;;;;;;;;
;;;;;;;;;;;;;
;;;;;;;;;;;;;
;;;;;;;;;;;;;
;;;;;;;;;;;;;
;;;;;;;;;;;;;
;;;;;;;;;;;;;
;;;;;;;;;;;;;
;;;;;;;;;;;;;
;;;;;;;;;;;;;
;;;;;;;;;;;;;
;;;;;;;;;;;;;
;;;;;;;;;;;;;
;;;;;;;;;;;;;
;;;;;;;;;;;;;
;;;;;;;;;;;;;
;;;;;;;;;;;;;
;;;;;;;;;;;;;
;;;;;;;;;;;;;
;;;;;;;;;;;;;
;;;;;;;;;;;;;
;;;;;;;;;;;;;
;;;;;;;;;;;;;
;;;;;;;;;;;;;
;;;;;;;;;;;;;
;;;;;;;;;;;;;
;;;;;;;;;;;;;
;;;;;;;;;;;;;
;;;;;;;;;;;;;
;;;;;;;;;;;;;
;;;;;;;;;;;;;
;;;;;;;;;;;;;
;;;;;;;;;;;;;
;;;;;;;;;;;;;
;;;;;;;;;;;;;
;;;;;;;;;;;;;
;;;;;;;;;;;;;
;;;;;;;;;;;;;
;;;;;;;;;;;;;
RUBRO:;;;508;OTROS EGRESOS;;;;;;;;;
RUBRO:;;;505;IMPUESTOS Y TASAS;;;;;;;;;
RUBRO:;;;506;GASTOS FINANCIEROS;;;;;;;;;
CTA.MADRE:;;5.08.001;;;OTROS EGRESOS;;;;;;;;;
CTA.MADRE:;;5.01.006;;;GASTOS OPERATIVOS VARIOS;;;;;;;;;
CTA.MADRE:;;5.05.001;;;IMPUESTOS;;;;;;;;;
CTA.MADRE:;;5.06.001;;;GASTOS FINANCIEROS;;;;;;;;;
5.08.001.002;;;;5701;Gastos No Deducibles;Deudor;Si;Corrientes;Casa Central;;*;;
5.01.006.004;;;;E004;SENASA;Deudor;Si;Corrientes;Casa Central;;*;;
5.01.006.015;;;;E015;Formulario 931;Deudor;Si;Corrientes;Casa Central;;*;;
5.01.006.018;;;;E018;Saldo ddjj IIBB;Deudor;Si;Corrientes;Casa Central;;*;;
5.01.006.022;;;;E022;Sueldos;Deudor;Si;Corrientes;Casa Central;;*;;
5.05.001.002;;;;5401;DReI;Deudor;Si;Corrientes;Casa Central;;*;;
5.05.001.003;;;;5402;Patentes Automotores;Deudor;Si;Corrientes;Casa Central;;*;;
5.06.001.002;;;;5501;Comisiones Bancarias;Deudor;Si;Corrientes;Casa Central;;*;;
5.06.001.006;;;;5505;Intereses Impositivos;Deudor;Si;Corrientes;Casa Central;;*;;
